Year,Month,Region,Head,Sale
"2016","1","Lucknow","Agra","3071446.47000000"
"2017","1","Lucknow","Agra","14824.33000000"
"2016","2","Lucknow","Agra","3188818.86000000"
"2017","2","Lucknow","Agra","11252.66000000"
"2016","3","Lucknow","Agra","2531810.29000000"
"2017","3","Lucknow","Agra","5533.00000000"
"2016","4","Lucknow","Agra","5201871.32000000"
"2017","4","Lucknow","Agra","647377.40000000"
"2016","5","Lucknow","Agra","4342261.39000000"
"2017","5","Lucknow","Agra","3886562.87000000"
"2016","6","Lucknow","Agra","3725180.16000000"
"2017","6","Lucknow","Agra","3877897.62000000"
"2016","7","Lucknow","Agra","2491959.32000000"
"2017","7","Lucknow","Agra","3644036.64000000"
"2016","8","Lucknow","Agra","1550572.16000000"
"2017","8","Lucknow","Agra","3318427.27000000"
"2016","9","Lucknow","Agra","1253073.72000000"
"2017","9","Lucknow","Agra","2657560.67000000"
"2016","10","Lucknow","Agra","2728788.88000000"
"2017","10","Lucknow","Agra","1044488.44000000"
"2016","11","Lucknow","Agra","2526220.55000000"
"2016","12","Lucknow","Agra","1486829.79000000"
"2016","1","Lucknow","Aligarh","558829.80000000"
"2017","1","Lucknow","Aligarh","1444.00000000"
"2016","2","Lucknow","Aligarh","684025.08000000"
"2017","2","Lucknow","Aligarh","7305.76000000"
"2016","3","Lucknow","Aligarh","508267.34000000"
"2017","3","Lucknow","Aligarh","2518.00000000"
"2016","4","Lucknow","Aligarh","750915.48000000"
"2017","4","Lucknow","Aligarh","141977.85000000"
"2016","5","Lucknow","Aligarh","674090.05000000"
"2017","5","Lucknow","Aligarh","55991.43000000"
"2016","6","Lucknow","Aligarh","659329.26000000"
"2017","6","Lucknow","Aligarh","20311.92000000"
"2016","7","Lucknow","Aligarh","1356446.45000000"
"2017","7","Lucknow","Aligarh","89813.08000000"
"2016","8","Lucknow","Aligarh","953574.12000000"
"2017","8","Lucknow","Aligarh","158711.04000000"
"2016","9","Lucknow","Aligarh","576924.91000000"
"2017","9","Lucknow","Aligarh","130622.73000000"
"2016","10","Lucknow","Aligarh","306698.59000000"
"2017","10","Lucknow","Aligarh","185474.08000000"
"2016","11","Lucknow","Aligarh","526092.12000000"
"2016","12","Lucknow","Aligarh","713266.79000000"
"2016","1","Lucknow","Allahabad","933079.10000000"
"2017","1","Lucknow","Allahabad","42057.99000000"
"2016","2","Lucknow","Allahabad","1316009.55000000"
"2017","2","Lucknow","Allahabad","4786.00000000"
"2016","3","Lucknow","Allahabad","845713.42000000"
"2017","3","Lucknow","Allahabad","18013.06000000"
"2016","4","Lucknow","Allahabad","1899300.62000000"
"2017","4","Lucknow","Allahabad","771547.03000000"
"2016","5","Lucknow","Allahabad","949049.71000000"
"2017","5","Lucknow","Allahabad","1167043.59000000"
"2016","6","Lucknow","Allahabad","999471.68000000"
"2017","6","Lucknow","Allahabad","612919.93000000"
"2016","7","Lucknow","Allahabad","1264331.54000000"
"2017","7","Lucknow","Allahabad","1155484.56000000"
"2016","8","Lucknow","Allahabad","963759.91000000"
"2017","8","Lucknow","Allahabad","1273517.57000000"
"2016","9","Lucknow","Allahabad","1403713.07000000"
"2017","9","Lucknow","Allahabad","1232786.16000000"
"2016","10","Lucknow","Allahabad","679477.93000000"
"2017","10","Lucknow","Allahabad","1296084.04000000"
"2016","11","Lucknow","Allahabad","880828.29000000"
"2016","12","Lucknow","Allahabad","1469417.55000000"
"2016","1","Delhi","Ambala","398048.23000000"
"2017","1","Delhi","Ambala","23219.85000000"
"2016","2","Delhi","Ambala","410590.73000000"
"2017","2","Delhi","Ambala","16489.13000000"
"2016","3","Delhi","Ambala","292723.40000000"
"2017","3","Delhi","Ambala","13762.88000000"
"2016","4","Delhi","Ambala","723094.63000000"
"2017","4","Delhi","Ambala","214580.49000000"
"2016","5","Delhi","Ambala","255818.07000000"
"2017","5","Delhi","Ambala","212930.30000000"
"2016","6","Delhi","Ambala","268128.63000000"
"2017","6","Delhi","Ambala","89758.65000000"
"2016","7","Delhi","Ambala","405209.06000000"
"2017","7","Delhi","Ambala","534026.94000000"
"2016","8","Delhi","Ambala","512003.94000000"
"2017","8","Delhi","Ambala","459357.55000000"
"2016","9","Delhi","Ambala","470482.99000000"
"2017","9","Delhi","Ambala","436634.75000000"
"2016","10","Delhi","Ambala","402599.11000000"
"2017","10","Delhi","Ambala","434429.45000000"
"2016","11","Delhi","Ambala","370054.60000000"
"2016","12","Delhi","Ambala","426005.03000000"
"2016","1","Delhi","Amritsar","1047804.13000000"
"2017","1","Delhi","Amritsar","6063.83000000"
"2016","2","Delhi","Amritsar","1488637.55000000"
"2017","2","Delhi","Amritsar","4647.85000000"
"2016","3","Delhi","Amritsar","1016753.42000000"
"2017","3","Delhi","Amritsar","6206.73000000"
"2016","4","Delhi","Amritsar","1757270.61000000"
"2017","4","Delhi","Amritsar","306978.65000000"
"2016","5","Delhi","Amritsar","1094970.73000000"
"2017","5","Delhi","Amritsar","477181.40000000"
"2016","6","Delhi","Amritsar","1372486.23000000"
"2017","6","Delhi","Amritsar","766899.48000000"
"2016","7","Delhi","Amritsar","674929.88000000"
"2017","7","Delhi","Amritsar","760743.25000000"
"2016","8","Delhi","Amritsar","765019.01000000"
"2017","8","Delhi","Amritsar","905103.37000000"
"2016","9","Delhi","Amritsar","435656.04000000"
"2017","9","Delhi","Amritsar","842973.23000000"
"2016","10","Delhi","Amritsar","542726.01000000"
"2017","10","Delhi","Amritsar","516578.45000000"
"2016","11","Delhi","Amritsar","540286.23000000"
"2016","12","Delhi","Amritsar","478389.03000000"
"2016","1","Lucknow","Azamgarh","835329.07000000"
"2017","1","Lucknow","Azamgarh","24721.89000000"
"2016","2","Lucknow","Azamgarh","929365.26000000"
"2017","2","Lucknow","Azamgarh","965.00000000"
"2016","3","Lucknow","Azamgarh","570330.19000000"
"2017","3","Lucknow","Azamgarh","1910.00000000"
"2016","4","Lucknow","Azamgarh","1037692.83000000"
"2017","4","Lucknow","Azamgarh","280288.11000000"
"2016","5","Lucknow","Azamgarh","832973.10000000"
"2017","5","Lucknow","Azamgarh","411935.76000000"
"2016","6","Lucknow","Azamgarh","1270188.13000000"
"2017","6","Lucknow","Azamgarh","343667.14000000"
"2016","7","Lucknow","Azamgarh","964156.12000000"
"2017","7","Lucknow","Azamgarh","624054.13000000"
"2016","8","Lucknow","Azamgarh","936088.24000000"
"2017","8","Lucknow","Azamgarh","663273.99000000"
"2016","9","Lucknow","Azamgarh","1055319.99000000"
"2017","9","Lucknow","Azamgarh","778514.11000000"
"2016","10","Lucknow","Azamgarh","743885.39000000"
"2017","10","Lucknow","Azamgarh","604885.90000000"
"2016","11","Lucknow","Azamgarh","638733.26000000"
"2016","12","Lucknow","Azamgarh","761780.57000000"
"2016","1","Lucknow","Bareilly","1150201.73000000"
"2017","1","Lucknow","Bareilly","5256.00000000"
"2016","2","Lucknow","Bareilly","1478660.93000000"
"2017","2","Lucknow","Bareilly","4375.00000000"
"2016","3","Lucknow","Bareilly","799243.20000000"
"2017","3","Lucknow","Bareilly","3945.00000000"
"2016","4","Lucknow","Bareilly","2047083.05000000"
"2017","4","Lucknow","Bareilly","311719.07000000"
"2016","5","Lucknow","Bareilly","923819.52000000"
"2017","5","Lucknow","Bareilly","267113.11000000"
"2016","6","Lucknow","Bareilly","1327633.81000000"
"2017","6","Lucknow","Bareilly","34466.84000000"
"2016","7","Lucknow","Bareilly","2332090.35000000"
"2017","7","Lucknow","Bareilly","249752.88000000"
"2016","8","Lucknow","Bareilly","466675.68000000"
"2017","8","Lucknow","Bareilly","401087.41000000"
"2016","9","Lucknow","Bareilly","708680.35000000"
"2017","9","Lucknow","Bareilly","510633.76000000"
"2016","10","Lucknow","Bareilly","867801.58000000"
"2017","10","Lucknow","Bareilly","478693.17000000"
"2016","11","Lucknow","Bareilly","1864606.29000000"
"2016","12","Lucknow","Bareilly","1313034.53000000"
"2016","1","Kolkata","Bhagalpur","1623628.14000000"
"2017","1","Kolkata","Bhagalpur","7792.56000000"
"2016","2","Kolkata","Bhagalpur","1415134.22000000"
"2017","2","Kolkata","Bhagalpur","2762.09000000"
"2016","3","Kolkata","Bhagalpur","1261004.33000000"
"2017","3","Kolkata","Bhagalpur","29764.32000000"
"2016","4","Kolkata","Bhagalpur","2264774.24000000"
"2017","4","Kolkata","Bhagalpur","611664.61000000"
"2016","5","Kolkata","Bhagalpur","986605.51000000"
"2017","5","Kolkata","Bhagalpur","592256.53000000"
"2016","6","Kolkata","Bhagalpur","1186001.94000000"
"2017","6","Kolkata","Bhagalpur","663129.52000000"
"2016","7","Kolkata","Bhagalpur","1121313.52000000"
"2017","7","Kolkata","Bhagalpur","1133229.93000000"
"2016","8","Kolkata","Bhagalpur","1413202.08000000"
"2017","8","Kolkata","Bhagalpur","1331819.18000000"
"2016","9","Kolkata","Bhagalpur","1634381.91000000"
"2017","9","Kolkata","Bhagalpur","996172.55000000"
"2016","10","Kolkata","Bhagalpur","1684547.56000000"
"2017","10","Kolkata","Bhagalpur","1479851.56000000"
"2016","11","Kolkata","Bhagalpur","1505072.37000000"
"2016","12","Kolkata","Bhagalpur","1777869.25000000"
"2016","1","Delhi","Bhatinda","792594.05000000"
"2017","1","Delhi","Bhatinda","16014.47000000"
"2016","2","Delhi","Bhatinda","723506.62000000"
"2017","2","Delhi","Bhatinda","11911.72000000"
"2016","3","Delhi","Bhatinda","552974.99000000"
"2017","3","Delhi","Bhatinda","15571.00000000"
"2016","4","Delhi","Bhatinda","937231.21000000"
"2017","4","Delhi","Bhatinda","365177.66000000"
"2016","5","Delhi","Bhatinda","522926.52000000"
"2017","5","Delhi","Bhatinda","366990.01000000"
"2016","6","Delhi","Bhatinda","579068.78000000"
"2017","6","Delhi","Bhatinda","245883.82000000"
"2016","7","Delhi","Bhatinda","526405.14000000"
"2017","7","Delhi","Bhatinda","567802.25000000"
"2016","8","Delhi","Bhatinda","533910.55000000"
"2017","8","Delhi","Bhatinda","696240.13000000"
"2016","9","Delhi","Bhatinda","692376.90000000"
"2017","9","Delhi","Bhatinda","680233.00000000"
"2016","10","Delhi","Bhatinda","649724.21000000"
"2017","10","Delhi","Bhatinda","552916.78000000"
"2016","11","Delhi","Bhatinda","620397.43000000"
"2016","12","Delhi","Bhatinda","656095.92000000"
"2016","1","Kolkata","Burdwan","1247017.26000000"
"2017","1","Kolkata","Burdwan","8890.86000000"
"2016","2","Kolkata","Burdwan","1263689.90000000"
"2017","2","Kolkata","Burdwan","24959.98000000"
"2016","3","Kolkata","Burdwan","645093.66000000"
"2017","3","Kolkata","Burdwan","10195.00000000"
"2016","4","Kolkata","Burdwan","1701346.69000000"
"2017","4","Kolkata","Burdwan","638251.67000000"
"2016","5","Kolkata","Burdwan","956561.97000000"
"2017","5","Kolkata","Burdwan","329577.90000000"
"2016","6","Kolkata","Burdwan","1271834.17000000"
"2017","6","Kolkata","Burdwan","233379.92000000"
"2016","7","Kolkata","Burdwan","557323.44000000"
"2017","7","Kolkata","Burdwan","98948.70000000"
"2016","8","Kolkata","Burdwan","541805.68000000"
"2016","9","Kolkata","Burdwan","702947.89000000"
"2017","9","Kolkata","Burdwan","-491.00000000"
"2016","10","Kolkata","Burdwan","919736.05000000"
"2016","11","Kolkata","Burdwan","754819.00000000"
"2016","12","Kolkata","Burdwan","810654.71000000"
"2016","1","Lucknow","Dehradun","848879.94000000"
"2017","1","Lucknow","Dehradun","9890.00000000"
"2016","2","Lucknow","Dehradun","708319.42000000"
"2017","2","Lucknow","Dehradun","9806.56000000"
"2016","3","Lucknow","Dehradun","469028.90000000"
"2017","3","Lucknow","Dehradun","6612.00000000"
"2016","4","Lucknow","Dehradun","1324371.61000000"
"2017","4","Lucknow","Dehradun","291782.98000000"
"2016","5","Lucknow","Dehradun","747902.85000000"
"2017","5","Lucknow","Dehradun","467981.33000000"
"2016","6","Lucknow","Dehradun","957160.47000000"
"2017","6","Lucknow","Dehradun","273575.91000000"
"2016","7","Lucknow","Dehradun","802325.16000000"
"2017","7","Lucknow","Dehradun","654912.47000000"
"2016","8","Lucknow","Dehradun","668577.58000000"
"2017","8","Lucknow","Dehradun","454146.80000000"
"2016","9","Lucknow","Dehradun","868136.02000000"
"2017","9","Lucknow","Dehradun","491248.39000000"
"2016","10","Lucknow","Dehradun","806390.81000000"
"2017","10","Lucknow","Dehradun","615726.11000000"
"2016","11","Lucknow","Dehradun","580025.72000000"
"2016","12","Lucknow","Dehradun","496712.22000000"
"2016","1","Kolkata","Dhanbad","1981116.37000000"
"2017","1","Kolkata","Dhanbad","39368.90000000"
"2016","2","Kolkata","Dhanbad","1637539.94000000"
"2017","2","Kolkata","Dhanbad","12144.00000000"
"2016","3","Kolkata","Dhanbad","1133246.38000000"
"2017","3","Kolkata","Dhanbad","9788.08000000"
"2016","4","Kolkata","Dhanbad","1952648.12000000"
"2017","4","Kolkata","Dhanbad","436832.91000000"
"2016","5","Kolkata","Dhanbad","1153984.49000000"
"2017","5","Kolkata","Dhanbad","379909.99000000"
"2016","6","Kolkata","Dhanbad","1321251.59000000"
"2017","6","Kolkata","Dhanbad","387607.86000000"
"2016","7","Kolkata","Dhanbad","1463526.58000000"
"2017","7","Kolkata","Dhanbad","972213.53000000"
"2016","8","Kolkata","Dhanbad","1723949.68000000"
"2017","8","Kolkata","Dhanbad","1207294.64000000"
"2016","9","Kolkata","Dhanbad","1399154.67000000"
"2017","9","Kolkata","Dhanbad","813579.29000000"
"2016","10","Kolkata","Dhanbad","1235414.90000000"
"2017","10","Kolkata","Dhanbad","770291.19000000"
"2016","11","Kolkata","Dhanbad","1603078.38000000"
"2016","12","Kolkata","Dhanbad","1244359.52000000"
"2016","1","Kolkata","Dharbanga","1962015.36000000"
"2017","1","Kolkata","Dharbanga","9410.00000000"
"2016","2","Kolkata","Dharbanga","1799740.55000000"
"2017","2","Kolkata","Dharbanga","15966.27000000"
"2016","3","Kolkata","Dharbanga","1055316.84000000"
"2017","3","Kolkata","Dharbanga","4727.00000000"
"2016","4","Kolkata","Dharbanga","2947642.18000000"
"2017","4","Kolkata","Dharbanga","1142786.80000000"
"2016","5","Kolkata","Dharbanga","1844788.65000000"
"2017","5","Kolkata","Dharbanga","715973.86000000"
"2016","6","Kolkata","Dharbanga","1726839.95000000"
"2017","6","Kolkata","Dharbanga","1288647.08000000"
"2016","7","Kolkata","Dharbanga","1814615.09000000"
"2017","7","Kolkata","Dharbanga","1308351.68000000"
"2016","8","Kolkata","Dharbanga","1734623.40000000"
"2017","8","Kolkata","Dharbanga","1860284.02000000"
"2016","9","Kolkata","Dharbanga","1793509.96000000"
"2017","9","Kolkata","Dharbanga","1834367.25000000"
"2016","10","Kolkata","Dharbanga","1828961.95000000"
"2017","10","Kolkata","Dharbanga","1972962.98000000"
"2016","11","Kolkata","Dharbanga","1760800.47000000"
"2016","12","Kolkata","Dharbanga","1592421.13000000"
"2016","1","Kolkata","Dibrugarh","1447548.31000000"
"2017","1","Kolkata","Dibrugarh","7068.00000000"
"2016","2","Kolkata","Dibrugarh","1540273.49000000"
"2017","2","Kolkata","Dibrugarh","13697.48000000"
"2016","3","Kolkata","Dibrugarh","1091433.89000000"
"2017","3","Kolkata","Dibrugarh","24897.29000000"
"2016","4","Kolkata","Dibrugarh","2859017.14000000"
"2017","4","Kolkata","Dibrugarh","926813.03000000"
"2016","5","Kolkata","Dibrugarh","1888890.99000000"
"2017","5","Kolkata","Dibrugarh","646896.19000000"
"2016","6","Kolkata","Dibrugarh","1685372.06000000"
"2017","6","Kolkata","Dibrugarh","244201.72000000"
"2016","7","Kolkata","Dibrugarh","1427345.30000000"
"2017","7","Kolkata","Dibrugarh","1358388.63000000"
"2016","8","Kolkata","Dibrugarh","1464314.28000000"
"2017","8","Kolkata","Dibrugarh","1004570.18000000"
"2016","9","Kolkata","Dibrugarh","1770433.84000000"
"2017","9","Kolkata","Dibrugarh","630476.28000000"
"2016","10","Kolkata","Dibrugarh","995276.34000000"
"2017","10","Kolkata","Dibrugarh","1208023.37000000"
"2016","11","Kolkata","Dibrugarh","619571.66000000"
"2016","12","Kolkata","Dibrugarh","980399.75000000"
"2016","1","Kolkata","Gauhati","1991800.52000000"
"2017","1","Kolkata","Gauhati","8724.00000000"
"2016","2","Kolkata","Gauhati","2049124.74000000"
"2017","2","Kolkata","Gauhati","24484.19000000"
"2016","3","Kolkata","Gauhati","1429572.17000000"
"2017","3","Kolkata","Gauhati","14948.15000000"
"2016","4","Kolkata","Gauhati","3839909.27000000"
"2017","4","Kolkata","Gauhati","1003121.32000000"
"2016","5","Kolkata","Gauhati","2247324.00000000"
"2017","5","Kolkata","Gauhati","1310207.91000000"
"2016","6","Kolkata","Gauhati","1552582.57000000"
"2017","6","Kolkata","Gauhati","482518.89000000"
"2016","7","Kolkata","Gauhati","1442115.03000000"
"2017","7","Kolkata","Gauhati","1518513.28000000"
"2016","8","Kolkata","Gauhati","1486520.40000000"
"2017","8","Kolkata","Gauhati","1788689.29000000"
"2016","9","Kolkata","Gauhati","1512126.61000000"
"2017","9","Kolkata","Gauhati","700161.02000000"
"2016","10","Kolkata","Gauhati","1531062.81000000"
"2017","10","Kolkata","Gauhati","1595408.51000000"
"2016","11","Kolkata","Gauhati","1173685.22000000"
"2016","12","Kolkata","Gauhati","1177151.36000000"
"2016","1","Kolkata","Gaya","2858330.03000000"
"2017","1","Kolkata","Gaya","5396.91000000"
"2016","2","Kolkata","Gaya","2415347.82000000"
"2017","2","Kolkata","Gaya","7640.17000000"
"2016","3","Kolkata","Gaya","1269954.58000000"
"2017","3","Kolkata","Gaya","267937.78000000"
"2016","4","Kolkata","Gaya","3225910.65000000"
"2017","4","Kolkata","Gaya","182467.74000000"
"2016","5","Kolkata","Gaya","2379829.97000000"
"2017","5","Kolkata","Gaya","518921.06000000"
"2016","6","Kolkata","Gaya","3049962.35000000"
"2017","6","Kolkata","Gaya","795941.26000000"
"2016","7","Kolkata","Gaya","2544495.21000000"
"2017","7","Kolkata","Gaya","1545284.44000000"
"2016","8","Kolkata","Gaya","2706339.35000000"
"2017","8","Kolkata","Gaya","2585965.73000000"
"2016","9","Kolkata","Gaya","2684938.53000000"
"2017","9","Kolkata","Gaya","1854486.73000000"
"2016","10","Kolkata","Gaya","1856742.30000000"
"2017","10","Kolkata","Gaya","2292378.55000000"
"2016","11","Kolkata","Gaya","2309195.89000000"
"2016","12","Kolkata","Gaya","2019395.82000000"
"2016","1","Lucknow","Ghaziabad","468890.45000000"
"2017","1","Lucknow","Ghaziabad","13412.00000000"
"2016","2","Lucknow","Ghaziabad","695395.35000000"
"2017","2","Lucknow","Ghaziabad","16816.98000000"
"2016","3","Lucknow","Ghaziabad","486008.65000000"
"2017","3","Lucknow","Ghaziabad","15263.87000000"
"2016","4","Lucknow","Ghaziabad","1252499.31000000"
"2017","4","Lucknow","Ghaziabad","383280.88000000"
"2016","5","Lucknow","Ghaziabad","992689.57000000"
"2017","5","Lucknow","Ghaziabad","3336613.86000000"
"2016","6","Lucknow","Ghaziabad","876994.91000000"
"2017","6","Lucknow","Ghaziabad","227776.82000000"
"2016","7","Lucknow","Ghaziabad","550437.01000000"
"2017","7","Lucknow","Ghaziabad","626970.57000000"
"2016","8","Lucknow","Ghaziabad","422882.87000000"
"2017","8","Lucknow","Ghaziabad","638671.45000000"
"2016","9","Lucknow","Ghaziabad","368484.72000000"
"2017","9","Lucknow","Ghaziabad","628340.96000000"
"2016","10","Lucknow","Ghaziabad","532419.39000000"
"2017","10","Lucknow","Ghaziabad","770518.73000000"
"2016","11","Lucknow","Ghaziabad","593070.75000000"
"2016","12","Lucknow","Ghaziabad","509938.21000000"
"2016","1","Lucknow","Ghazipur / Balia","764985.62000000"
"2017","1","Lucknow","Ghazipur / Balia","14303.95000000"
"2016","2","Lucknow","Ghazipur / Balia","537079.27000000"
"2017","2","Lucknow","Ghazipur / Balia","11839.75000000"
"2016","3","Lucknow","Ghazipur / Balia","405031.06000000"
"2017","3","Lucknow","Ghazipur / Balia","1158.00000000"
"2016","4","Lucknow","Ghazipur / Balia","921443.30000000"
"2017","4","Lucknow","Ghazipur / Balia","525878.99000000"
"2016","5","Lucknow","Ghazipur / Balia","546027.30000000"
"2017","5","Lucknow","Ghazipur / Balia","754682.53000000"
"2016","6","Lucknow","Ghazipur / Balia","864873.62000000"
"2017","6","Lucknow","Ghazipur / Balia","419525.09000000"
"2016","7","Lucknow","Ghazipur / Balia","848952.23000000"
"2017","7","Lucknow","Ghazipur / Balia","808020.22000000"
"2016","8","Lucknow","Ghazipur / Balia","598031.53000000"
"2017","8","Lucknow","Ghazipur / Balia","937639.82000000"
"2016","9","Lucknow","Ghazipur / Balia","611205.46000000"
"2017","9","Lucknow","Ghazipur / Balia","1138589.32000000"
"2016","10","Lucknow","Ghazipur / Balia","669989.06000000"
"2017","10","Lucknow","Ghazipur / Balia","1117249.79000000"
"2016","11","Lucknow","Ghazipur / Balia","900858.18000000"
"2016","12","Lucknow","Ghazipur / Balia","495089.50000000"
"2016","1","Lucknow","Gorakhpur -1","1044895.87000000"
"2017","1","Lucknow","Gorakhpur -1","15166.01000000"
"2016","2","Lucknow","Gorakhpur -1","922359.30000000"
"2017","2","Lucknow","Gorakhpur -1","36777.67000000"
"2016","3","Lucknow","Gorakhpur -1","465494.53000000"
"2017","3","Lucknow","Gorakhpur -1","10969.36000000"
"2016","4","Lucknow","Gorakhpur -1","1100677.08000000"
"2017","4","Lucknow","Gorakhpur -1","458882.33000000"
"2016","5","Lucknow","Gorakhpur -1","824191.43000000"
"2017","5","Lucknow","Gorakhpur -1","1009340.70000000"
"2016","6","Lucknow","Gorakhpur -1","1193626.96000000"
"2017","6","Lucknow","Gorakhpur -1","1157617.76000000"
"2016","7","Lucknow","Gorakhpur -1","1248886.20000000"
"2017","7","Lucknow","Gorakhpur -1","887212.27000000"
"2016","8","Lucknow","Gorakhpur -1","958946.98000000"
"2017","8","Lucknow","Gorakhpur -1","1609426.40000000"
"2016","9","Lucknow","Gorakhpur -1","1014360.42000000"
"2017","9","Lucknow","Gorakhpur -1","934729.19000000"
"2016","10","Lucknow","Gorakhpur -1","801870.41000000"
"2017","10","Lucknow","Gorakhpur -1","1301911.57000000"
"2016","11","Lucknow","Gorakhpur -1","1311689.65000000"
"2016","12","Lucknow","Gorakhpur -1","1167907.66000000"
"2016","1","Lucknow","Haldwani","1013203.15000000"
"2017","1","Lucknow","Haldwani","2883.00000000"
"2016","2","Lucknow","Haldwani","1170058.66000000"
"2017","2","Lucknow","Haldwani","6614.94000000"
"2016","3","Lucknow","Haldwani","658731.94000000"
"2017","3","Lucknow","Haldwani","4879.00000000"
"2016","4","Lucknow","Haldwani","1420134.14000000"
"2017","4","Lucknow","Haldwani","443845.15000000"
"2016","5","Lucknow","Haldwani","963753.21000000"
"2017","5","Lucknow","Haldwani","252666.49000000"
"2016","6","Lucknow","Haldwani","887006.49000000"
"2017","6","Lucknow","Haldwani","237938.67000000"
"2016","7","Lucknow","Haldwani","2002997.12000000"
"2017","7","Lucknow","Haldwani","428352.89000000"
"2016","8","Lucknow","Haldwani","1444438.89000000"
"2017","8","Lucknow","Haldwani","524793.79000000"
"2016","9","Lucknow","Haldwani","662013.59000000"
"2017","9","Lucknow","Haldwani","425898.01000000"
"2016","10","Lucknow","Haldwani","692815.75000000"
"2017","10","Lucknow","Haldwani","273377.39000000"
"2016","11","Lucknow","Haldwani","805885.17000000"
"2016","12","Lucknow","Haldwani","908873.98000000"
"2016","1","Delhi","Hisar","387135.71000000"
"2017","1","Delhi","Hisar","5606.00000000"
"2016","2","Delhi","Hisar","239705.16000000"
"2017","2","Delhi","Hisar","8113.21000000"
"2016","3","Delhi","Hisar","212421.15000000"
"2017","3","Delhi","Hisar","7252.00000000"
"2016","4","Delhi","Hisar","501617.94000000"
"2017","4","Delhi","Hisar","387303.08000000"
"2016","5","Delhi","Hisar","350452.16000000"
"2017","5","Delhi","Hisar","304869.66000000"
"2016","6","Delhi","Hisar","273228.23000000"
"2017","6","Delhi","Hisar","158234.42000000"
"2016","7","Delhi","Hisar","200606.71000000"
"2017","7","Delhi","Hisar","378383.73000000"
"2016","8","Delhi","Hisar","305251.45000000"
"2017","8","Delhi","Hisar","384081.80000000"
"2016","9","Delhi","Hisar","371384.19000000"
"2017","9","Delhi","Hisar","438609.55000000"
"2016","10","Delhi","Hisar","294776.94000000"
"2017","10","Delhi","Hisar","235293.47000000"
"2016","11","Delhi","Hisar","427620.96000000"
"2016","12","Delhi","Hisar","324843.78000000"
"2016","1","Delhi","Jalandhar","619230.08000000"
"2017","1","Delhi","Jalandhar","7947.82000000"
"2016","2","Delhi","Jalandhar","877342.69000000"
"2017","2","Delhi","Jalandhar","19178.50000000"
"2016","3","Delhi","Jalandhar","450104.68000000"
"2017","3","Delhi","Jalandhar","5222.00000000"
"2016","4","Delhi","Jalandhar","945620.21000000"
"2017","4","Delhi","Jalandhar","279418.65000000"
"2016","5","Delhi","Jalandhar","363246.48000000"
"2017","5","Delhi","Jalandhar","434897.85000000"
"2016","6","Delhi","Jalandhar","469027.14000000"
"2017","6","Delhi","Jalandhar","228786.57000000"
"2016","7","Delhi","Jalandhar","425864.82000000"
"2017","7","Delhi","Jalandhar","556870.33000000"
"2016","8","Delhi","Jalandhar","459191.43000000"
"2017","8","Delhi","Jalandhar","590765.42000000"
"2016","9","Delhi","Jalandhar","476282.27000000"
"2017","9","Delhi","Jalandhar","574821.97000000"
"2016","10","Delhi","Jalandhar","367904.19000000"
"2017","10","Delhi","Jalandhar","256695.18000000"
"2016","11","Delhi","Jalandhar","530975.03000000"
"2016","12","Delhi","Jalandhar","365336.20000000"
"2016","1","Delhi","Jammu","365397.41000000"
"2017","1","Delhi","Jammu","8511.00000000"
"2016","2","Delhi","Jammu","357445.15000000"
"2017","2","Delhi","Jammu","6986.88000000"
"2016","3","Delhi","Jammu","395983.72000000"
"2017","3","Delhi","Jammu","11269.00000000"
"2016","4","Delhi","Jammu","564336.03000000"
"2017","4","Delhi","Jammu","372494.08000000"
"2016","5","Delhi","Jammu","441060.23000000"
"2017","5","Delhi","Jammu","363520.71000000"
"2016","6","Delhi","Jammu","392304.84000000"
"2017","6","Delhi","Jammu","163511.12000000"
"2016","7","Delhi","Jammu","389392.14000000"
"2017","7","Delhi","Jammu","384603.28000000"
"2016","8","Delhi","Jammu","454438.72000000"
"2017","8","Delhi","Jammu","591411.41000000"
"2016","9","Delhi","Jammu","514043.06000000"
"2017","9","Delhi","Jammu","316811.17000000"
"2016","10","Delhi","Jammu","377914.57000000"
"2017","10","Delhi","Jammu","241898.35000000"
"2016","11","Delhi","Jammu","377078.15000000"
"2016","12","Delhi","Jammu","367785.19000000"
"2016","1","Kolkata","Jamshedpur","438184.55000000"
"2017","1","Kolkata","Jamshedpur","3293.00000000"
"2016","2","Kolkata","Jamshedpur","381422.12000000"
"2017","2","Kolkata","Jamshedpur","1191.00000000"
"2016","3","Kolkata","Jamshedpur","650628.86000000"
"2017","3","Kolkata","Jamshedpur","2211.00000000"
"2016","4","Kolkata","Jamshedpur","679638.32000000"
"2017","4","Kolkata","Jamshedpur","87384.09000000"
"2016","5","Kolkata","Jamshedpur","392059.76000000"
"2017","5","Kolkata","Jamshedpur","51609.65000000"
"2016","6","Kolkata","Jamshedpur","459177.86000000"
"2017","6","Kolkata","Jamshedpur","43813.66000000"
"2016","7","Kolkata","Jamshedpur","373766.79000000"
"2017","7","Kolkata","Jamshedpur","179335.12000000"
"2016","8","Kolkata","Jamshedpur","435339.90000000"
"2017","8","Kolkata","Jamshedpur","157176.08000000"
"2016","9","Kolkata","Jamshedpur","400936.00000000"
"2017","9","Kolkata","Jamshedpur","369187.17000000"
"2016","10","Kolkata","Jamshedpur","323998.58000000"
"2017","10","Kolkata","Jamshedpur","175351.93000000"
"2016","11","Kolkata","Jamshedpur","1035299.14000000"
"2016","12","Kolkata","Jamshedpur","284774.25000000"
"2016","1","Lucknow","Jhansi","1677401.35000000"
"2017","1","Lucknow","Jhansi","9059.00000000"
"2016","2","Lucknow","Jhansi","1763307.06000000"
"2017","2","Lucknow","Jhansi","7649.00000000"
"2016","3","Lucknow","Jhansi","2344943.15000000"
"2017","3","Lucknow","Jhansi","8019.62000000"
"2016","4","Lucknow","Jhansi","2591736.72000000"
"2017","4","Lucknow","Jhansi","591804.92000000"
"2016","5","Lucknow","Jhansi","2115380.12000000"
"2017","5","Lucknow","Jhansi","873121.20000000"
"2016","6","Lucknow","Jhansi","2125922.01000000"
"2017","6","Lucknow","Jhansi","994202.63000000"
"2016","7","Lucknow","Jhansi","2844462.40000000"
"2017","7","Lucknow","Jhansi","1604586.61000000"
"2016","8","Lucknow","Jhansi","1491863.17000000"
"2017","8","Lucknow","Jhansi","1713838.35000000"
"2016","9","Lucknow","Jhansi","1878425.54000000"
"2017","9","Lucknow","Jhansi","1657270.06000000"
"2016","10","Lucknow","Jhansi","1642510.99000000"
"2017","10","Lucknow","Jhansi","527534.76000000"
"2016","11","Lucknow","Jhansi","1622522.95000000"
"2016","12","Lucknow","Jhansi","2736318.93000000"
"2016","1","Lucknow","Kanpur - 1","2898516.75000000"
"2017","1","Lucknow","Kanpur - 1","6094.00000000"
"2016","2","Lucknow","Kanpur - 1","3333198.84000000"
"2017","2","Lucknow","Kanpur - 1","11293.32000000"
"2016","3","Lucknow","Kanpur - 1","3181509.63000000"
"2017","3","Lucknow","Kanpur - 1","2693.00000000"
"2016","4","Lucknow","Kanpur - 1","6041370.25000000"
"2017","4","Lucknow","Kanpur - 1","-58945.57000000"
"2016","5","Lucknow","Kanpur - 1","4623958.81000000"
"2017","5","Lucknow","Kanpur - 1","381870.86000000"
"2016","6","Lucknow","Kanpur - 1","5780004.70000000"
"2017","6","Lucknow","Kanpur - 1","223304.28000000"
"2016","7","Lucknow","Kanpur - 1","2034809.26000000"
"2017","7","Lucknow","Kanpur - 1","528643.75000000"
"2016","8","Lucknow","Kanpur - 1","2112089.08000000"
"2017","8","Lucknow","Kanpur - 1","709915.86000000"
"2016","9","Lucknow","Kanpur - 1","2266839.93000000"
"2017","9","Lucknow","Kanpur - 1","616487.09000000"
"2016","10","Lucknow","Kanpur - 1","1791541.68000000"
"2017","10","Lucknow","Kanpur - 1","863756.86000000"
"2016","11","Lucknow","Kanpur - 1","2812668.92000000"
"2016","12","Lucknow","Kanpur - 1","1940156.93000000"
"2016","1","Delhi","Karnal","246762.88000000"
"2017","1","Delhi","Karnal","9722.00000000"
"2016","2","Delhi","Karnal","340855.98000000"
"2017","2","Delhi","Karnal","15156.75000000"
"2016","3","Delhi","Karnal","263044.69000000"
"2017","3","Delhi","Karnal","6104.00000000"
"2016","4","Delhi","Karnal","786865.15000000"
"2017","4","Delhi","Karnal","327293.11000000"
"2016","5","Delhi","Karnal","381014.30000000"
"2017","5","Delhi","Karnal","360550.25000000"
"2016","6","Delhi","Karnal","497915.89000000"
"2017","6","Delhi","Karnal","132903.08000000"
"2016","7","Delhi","Karnal","506757.25000000"
"2017","7","Delhi","Karnal","522086.67000000"
"2016","8","Delhi","Karnal","483034.25000000"
"2017","8","Delhi","Karnal","435117.27000000"
"2016","9","Delhi","Karnal","432830.30000000"
"2017","9","Delhi","Karnal","425551.85000000"
"2016","10","Delhi","Karnal","578832.86000000"
"2017","10","Delhi","Karnal","397040.14000000"
"2016","11","Delhi","Karnal","335391.90000000"
"2016","12","Delhi","Karnal","534490.96000000"
"2016","1","Kolkata","Kolkata - 1","481587.67000000"
"2017","1","Kolkata","Kolkata - 1","10126.18000000"
"2016","2","Kolkata","Kolkata - 1","316799.31000000"
"2017","2","Kolkata","Kolkata - 1","4979.00000000"
"2016","3","Kolkata","Kolkata - 1","437878.71000000"
"2017","3","Kolkata","Kolkata - 1","4282.68000000"
"2016","4","Kolkata","Kolkata - 1","560027.89000000"
"2017","4","Kolkata","Kolkata - 1","379789.53000000"
"2016","5","Kolkata","Kolkata - 1","293799.31000000"
"2017","5","Kolkata","Kolkata - 1","224086.18000000"
"2016","6","Kolkata","Kolkata - 1","412267.20000000"
"2017","6","Kolkata","Kolkata - 1","150784.71000000"
"2016","7","Kolkata","Kolkata - 1","182240.27000000"
"2017","7","Kolkata","Kolkata - 1","93512.36000000"
"2016","8","Kolkata","Kolkata - 1","153628.03000000"
"2017","8","Kolkata","Kolkata - 1","10896.43000000"
"2016","9","Kolkata","Kolkata - 1","242250.83000000"
"2017","9","Kolkata","Kolkata - 1","27648.90000000"
"2016","10","Kolkata","Kolkata - 1","274470.90000000"
"2016","11","Kolkata","Kolkata - 1","191956.74000000"
"2016","12","Kolkata","Kolkata - 1","229912.14000000"
"2016","1","Kolkata","Krishnanagar","1749651.60000000"
"2017","1","Kolkata","Krishnanagar","19282.36000000"
"2016","2","Kolkata","Krishnanagar","1845299.64000000"
"2017","2","Kolkata","Krishnanagar","16046.66000000"
"2016","3","Kolkata","Krishnanagar","1462505.44000000"
"2017","3","Kolkata","Krishnanagar","38194.79000000"
"2016","4","Kolkata","Krishnanagar","4310299.52000000"
"2017","4","Kolkata","Krishnanagar","1834947.13000000"
"2016","5","Kolkata","Krishnanagar","717872.18000000"
"2017","5","Kolkata","Krishnanagar","380909.35000000"
"2016","6","Kolkata","Krishnanagar","1244762.28000000"
"2017","6","Kolkata","Krishnanagar","196631.08000000"
"2016","7","Kolkata","Krishnanagar","838542.11000000"
"2017","7","Kolkata","Krishnanagar","79049.86000000"
"2016","8","Kolkata","Krishnanagar","1092277.60000000"
"2016","9","Kolkata","Krishnanagar","1444345.45000000"
"2017","9","Kolkata","Krishnanagar","-9296.00000000"
"2016","10","Kolkata","Krishnanagar","1782161.18000000"
"2016","11","Kolkata","Krishnanagar","1247999.39000000"
"2016","12","Kolkata","Krishnanagar","810869.74000000"
"2016","1","Lucknow","Lucknow - 1","2747716.39000000"
"2017","1","Lucknow","Lucknow - 1","12023.00000000"
"2016","2","Lucknow","Lucknow - 1","2515604.31000000"
"2017","2","Lucknow","Lucknow - 1","17614.46000000"
"2016","3","Lucknow","Lucknow - 1","1943961.45000000"
"2017","3","Lucknow","Lucknow - 1","13693.87000000"
"2016","4","Lucknow","Lucknow - 1","2807131.89000000"
"2017","4","Lucknow","Lucknow - 1","2711161.27000000"
"2016","5","Lucknow","Lucknow - 1","2633491.29000000"
"2017","5","Lucknow","Lucknow - 1","6381237.88000000"
"2016","6","Lucknow","Lucknow - 1","4185764.35000000"
"2017","6","Lucknow","Lucknow - 1","3465891.37000000"
"2016","7","Lucknow","Lucknow - 1","2537960.89000000"
"2017","7","Lucknow","Lucknow - 1","5674452.39000000"
"2016","8","Lucknow","Lucknow - 1","1970031.23000000"
"2017","8","Lucknow","Lucknow - 1","5341387.87000000"
"2016","9","Lucknow","Lucknow - 1","1429235.43000000"
"2017","9","Lucknow","Lucknow - 1","4779674.65000000"
"2016","10","Lucknow","Lucknow - 1","1559669.02000000"
"2017","10","Lucknow","Lucknow - 1","6446191.00000000"
"2016","11","Lucknow","Lucknow - 1","3155257.08000000"
"2016","12","Lucknow","Lucknow - 1","2308048.63000000"
"2016","1","Lucknow","Faizabad","605081.45000000"
"2017","1","Lucknow","Faizabad","5798.00000000"
"2016","2","Lucknow","Faizabad","590670.55000000"
"2017","2","Lucknow","Faizabad","8161.89000000"
"2016","3","Lucknow","Faizabad","843670.87000000"
"2017","3","Lucknow","Faizabad","7749.62000000"
"2016","4","Lucknow","Faizabad","1564931.63000000"
"2017","4","Lucknow","Faizabad","582659.41000000"
"2016","5","Lucknow","Faizabad","852613.29000000"
"2017","5","Lucknow","Faizabad","513339.38000000"
"2016","6","Lucknow","Faizabad","1005640.39000000"
"2017","6","Lucknow","Faizabad","695114.95000000"
"2016","7","Lucknow","Faizabad","1210296.27000000"
"2017","7","Lucknow","Faizabad","1243565.99000000"
"2016","8","Lucknow","Faizabad","690244.97000000"
"2017","8","Lucknow","Faizabad","937523.57000000"
"2016","9","Lucknow","Faizabad","695458.76000000"
"2017","9","Lucknow","Faizabad","1173121.08000000"
"2016","10","Lucknow","Faizabad","921058.63000000"
"2017","10","Lucknow","Faizabad","409879.10000000"
"2016","11","Lucknow","Faizabad","1401018.59000000"
"2016","12","Lucknow","Faizabad","1095865.18000000"
"2016","1","Delhi","Ludhiana","685719.88000000"
"2017","1","Delhi","Ludhiana","4622.16000000"
"2016","2","Delhi","Ludhiana","769937.63000000"
"2017","2","Delhi","Ludhiana","10665.18000000"
"2016","3","Delhi","Ludhiana","798885.97000000"
"2017","3","Delhi","Ludhiana","4002.00000000"
"2016","4","Delhi","Ludhiana","1154877.88000000"
"2017","4","Delhi","Ludhiana","529571.12000000"
"2016","5","Delhi","Ludhiana","898225.45000000"
"2017","5","Delhi","Ludhiana","496048.18000000"
"2016","6","Delhi","Ludhiana","700924.25000000"
"2017","6","Delhi","Ludhiana","245620.44000000"
"2016","7","Delhi","Ludhiana","552328.51000000"
"2017","7","Delhi","Ludhiana","781698.00000000"
"2016","8","Delhi","Ludhiana","431302.21000000"
"2017","8","Delhi","Ludhiana","1075429.86000000"
"2016","9","Delhi","Ludhiana","531323.04000000"
"2017","9","Delhi","Ludhiana","861645.03000000"
"2016","10","Delhi","Ludhiana","678355.45000000"
"2017","10","Delhi","Ludhiana","718157.85000000"
"2016","11","Delhi","Ludhiana","610225.04000000"
"2016","12","Delhi","Ludhiana","633043.71000000"
"2016","1","Kolkata","Malda","1491643.23000000"
"2017","1","Kolkata","Malda","5050.00000000"
"2016","2","Kolkata","Malda","1881580.26000000"
"2017","2","Kolkata","Malda","9124.24000000"
"2016","3","Kolkata","Malda","744255.52000000"
"2017","3","Kolkata","Malda","7964.00000000"
"2016","4","Kolkata","Malda","2508779.81000000"
"2017","4","Kolkata","Malda","1393291.22000000"
"2016","5","Kolkata","Malda","1416842.18000000"
"2017","5","Kolkata","Malda","468933.73000000"
"2016","6","Kolkata","Malda","2020103.54000000"
"2017","6","Kolkata","Malda","171424.29000000"
"2016","7","Kolkata","Malda","1081099.13000000"
"2017","7","Kolkata","Malda","157477.17000000"
"2016","8","Kolkata","Malda","891030.55000000"
"2017","8","Kolkata","Malda","147094.18000000"
"2016","9","Kolkata","Malda","1267902.30000000"
"2017","9","Kolkata","Malda","71724.88000000"
"2016","10","Kolkata","Malda","1384671.08000000"
"2017","10","Kolkata","Malda","263985.81000000"
"2016","11","Kolkata","Malda","1107614.73000000"
"2016","12","Kolkata","Malda","692277.20000000"
"2016","1","Delhi","Mandi","650144.91000000"
"2017","1","Delhi","Mandi","9883.00000000"
"2016","2","Delhi","Mandi","659700.91000000"
"2017","2","Delhi","Mandi","8719.00000000"
"2016","3","Delhi","Mandi","562903.39000000"
"2017","3","Kolkata","Mandi","6306.00000000"
"2016","4","Delhi","Mandi","1462059.19000000"
"2017","4","Delhi","Mandi","167298.65000000"
"2016","5","Delhi","Mandi","570085.96000000"
"2017","5","Delhi","Mandi","369175.89000000"
"2016","6","Delhi","Mandi","820713.46000000"
"2017","6","Delhi","Mandi","164773.94000000"
"2016","7","Delhi","Mandi","651376.60000000"
"2017","7","Delhi","Mandi","220676.80000000"
"2016","8","Delhi","Mandi","1091829.70000000"
"2017","8","Kolkata","Mandi","154102.13000000"
"2016","9","Delhi","Mandi","540337.22000000"
"2017","9","Delhi","Mandi","217147.24000000"
"2016","10","Delhi","Mandi","582604.57000000"
"2017","10","Delhi","Mandi","173367.32000000"
"2016","11","Delhi","Mandi","1228309.36000000"
"2016","12","Delhi","Mandi","754326.27000000"
"2016","1","Lucknow","Meerut","1465468.41000000"
"2017","1","Lucknow","Meerut","71828.18000000"
"2016","2","Lucknow","Meerut","2502396.18000000"
"2017","2","Lucknow","Meerut","11704.27000000"
"2016","3","Lucknow","Meerut","1376822.35000000"
"2017","3","Lucknow","Meerut","6234.72000000"
"2016","4","Lucknow","Meerut","3103796.96000000"
"2017","4","Lucknow","Meerut","724176.54000000"
"2016","5","Lucknow","Meerut","1832091.99000000"
"2017","5","Lucknow","Meerut","416590.57000000"
"2016","6","Lucknow","Meerut","3020260.39000000"
"2017","6","Lucknow","Meerut","599854.47000000"
"2016","7","Lucknow","Meerut","2172261.66000000"
"2017","7","Lucknow","Meerut","563212.45000000"
"2016","8","Lucknow","Meerut","1586845.93000000"
"2017","8","Lucknow","Meerut","808229.33000000"
"2016","9","Lucknow","Meerut","1503061.60000000"
"2017","9","Lucknow","Meerut","484926.24000000"
"2016","10","Lucknow","Meerut","1539975.38000000"
"2017","10","Lucknow","Meerut","545363.70000000"
"2016","11","Lucknow","Meerut","1798446.09000000"
"2016","12","Lucknow","Meerut","742290.60000000"
"2016","1","Kolkata","Midnapore","725769.78000000"
"2017","1","Kolkata","Midnapore","17608.21000000"
"2016","2","Kolkata","Midnapore","506150.99000000"
"2017","2","Kolkata","Midnapore","16434.00000000"
"2016","3","Kolkata","Midnapore","689478.54000000"
"2017","3","Kolkata","Midnapore","30296.63000000"
"2016","4","Kolkata","Midnapore","1044176.35000000"
"2017","4","Kolkata","Midnapore","643302.98000000"
"2016","5","Kolkata","Midnapore","919667.24000000"
"2017","5","Kolkata","Midnapore","406124.35000000"
"2016","6","Kolkata","Midnapore","732288.72000000"
"2017","6","Kolkata","Midnapore","105465.48000000"
"2016","7","Kolkata","Midnapore","719849.34000000"
"2017","7","Kolkata","Midnapore","21372.53000000"
"2016","8","Kolkata","Midnapore","396879.61000000"
"2017","8","Kolkata","Midnapore","466.07000000"
"2016","9","Kolkata","Midnapore","392921.71000000"
"2017","9","Kolkata","Midnapore","-1304.00000000"
"2016","10","Kolkata","Midnapore","379484.30000000"
"2016","11","Kolkata","Midnapore","362070.72000000"
"2016","12","Kolkata","Midnapore","391275.56000000"
"2016","1","Lucknow","Moradabad","715137.39000000"
"2017","1","Lucknow","Moradabad","678.00000000"
"2016","2","Lucknow","Moradabad","1388840.75000000"
"2017","2","Lucknow","Moradabad","5925.00000000"
"2016","3","Lucknow","Moradabad","410116.48000000"
"2017","3","Lucknow","Moradabad","1588.00000000"
"2016","4","Lucknow","Moradabad","1517327.59000000"
"2017","4","Lucknow","Moradabad","333063.35000000"
"2016","5","Lucknow","Moradabad","918877.11000000"
"2017","5","Lucknow","Moradabad","558506.58000000"
"2016","6","Lucknow","Moradabad","1025279.68000000"
"2017","6","Lucknow","Moradabad","379161.06000000"
"2016","7","Lucknow","Moradabad","1368375.29000000"
"2017","7","Lucknow","Moradabad","912755.40000000"
"2016","8","Lucknow","Moradabad","511813.34000000"
"2017","8","Lucknow","Moradabad","913713.75000000"
"2016","9","Lucknow","Moradabad","1232720.06000000"
"2017","9","Lucknow","Moradabad","912386.66000000"
"2016","10","Lucknow","Moradabad","970587.90000000"
"2017","10","Lucknow","Moradabad","809457.92000000"
"2016","11","Lucknow","Moradabad","959702.25000000"
"2016","12","Lucknow","Moradabad","391078.83000000"
"2016","1","Kolkata","Motihari","1143794.22000000"
"2017","1","Kolkata","Motihari","2642.00000000"
"2016","2","Kolkata","Motihari","1028958.59000000"
"2017","2","Kolkata","Motihari","3653.00000000"
"2016","3","Kolkata","Motihari","355021.37000000"
"2017","3","Kolkata","Motihari","78034.20000000"
"2016","4","Kolkata","Motihari","1686481.30000000"
"2017","4","Kolkata","Motihari","557592.88000000"
"2016","5","Kolkata","Motihari","668380.77000000"
"2017","5","Kolkata","Motihari","376740.49000000"
"2016","6","Kolkata","Motihari","797815.29000000"
"2017","6","Kolkata","Motihari","719933.84000000"
"2016","7","Kolkata","Motihari","1165540.08000000"
"2017","7","Kolkata","Motihari","969281.19000000"
"2016","8","Kolkata","Motihari","1044916.54000000"
"2017","8","Kolkata","Motihari","1066145.03000000"
"2016","9","Kolkata","Motihari","1167861.42000000"
"2017","9","Kolkata","Motihari","1359364.90000000"
"2016","10","Kolkata","Motihari","1027230.63000000"
"2017","10","Kolkata","Motihari","827769.00000000"
"2016","11","Kolkata","Motihari","1236512.77000000"
"2016","12","Kolkata","Motihari","1146337.46000000"
"2016","1","Lucknow","Muzaffarnagar","1958644.47000000"
"2017","1","Lucknow","Muzaffarnagar","8017.00000000"
"2016","2","Lucknow","Muzaffarnagar","3257842.83000000"
"2017","2","Lucknow","Muzaffarnagar","37316.06000000"
"2016","3","Lucknow","Muzaffarnagar","1477678.05000000"
"2017","3","Lucknow","Muzaffarnagar","6297.70000000"
"2016","4","Lucknow","Muzaffarnagar","4445637.29000000"
"2017","4","Lucknow","Muzaffarnagar","1696824.79000000"
"2016","5","Lucknow","Muzaffarnagar","2560576.46000000"
"2017","5","Lucknow","Muzaffarnagar","3199328.03000000"
"2016","6","Lucknow","Muzaffarnagar","3297941.10000000"
"2017","6","Lucknow","Muzaffarnagar","4612444.33000000"
"2016","7","Lucknow","Muzaffarnagar","3125308.70000000"
"2017","7","Lucknow","Muzaffarnagar","4369560.69000000"
"2016","8","Lucknow","Muzaffarnagar","1665852.71000000"
"2017","8","Lucknow","Muzaffarnagar","3817946.62000000"
"2016","9","Lucknow","Muzaffarnagar","1968410.64000000"
"2017","9","Lucknow","Muzaffarnagar","3553911.26000000"
"2016","10","Lucknow","Muzaffarnagar","2314909.90000000"
"2017","10","Lucknow","Muzaffarnagar","4213899.98000000"
"2016","11","Lucknow","Muzaffarnagar","3663213.33000000"
"2016","12","Lucknow","Muzaffarnagar","3123856.89000000"
"2016","1","Kolkata","Muzaffarpur","1263544.61000000"
"2017","1","Kolkata","Muzaffarpur","7608.00000000"
"2016","2","Kolkata","Muzaffarpur","1218210.25000000"
"2017","2","Kolkata","Muzaffarpur","3106.00000000"
"2016","3","Kolkata","Muzaffarpur","914776.22000000"
"2017","3","Kolkata","Muzaffarpur","9710.83000000"
"2016","4","Kolkata","Muzaffarpur","1810233.32000000"
"2017","4","Kolkata","Muzaffarpur","1035298.63000000"
"2016","5","Kolkata","Muzaffarpur","888923.02000000"
"2017","5","Kolkata","Muzaffarpur","588479.92000000"
"2016","6","Kolkata","Muzaffarpur","938885.48000000"
"2017","6","Kolkata","Muzaffarpur","687738.20000000"
"2016","7","Kolkata","Muzaffarpur","1236280.19000000"
"2017","7","Kolkata","Muzaffarpur","980615.70000000"
"2016","8","Kolkata","Muzaffarpur","1205058.52000000"
"2017","8","Kolkata","Muzaffarpur","1372417.69000000"
"2016","9","Kolkata","Muzaffarpur","1167164.57000000"
"2017","9","Kolkata","Muzaffarpur","1446726.82000000"
"2016","10","Kolkata","Muzaffarpur","1407674.00000000"
"2017","10","Kolkata","Muzaffarpur","1331885.74000000"
"2016","11","Kolkata","Muzaffarpur","834597.72000000"
"2016","12","Kolkata","Muzaffarpur","975659.48000000"
"2016","1","Kolkata","Nagaon","2338250.97000000"
"2017","1","Kolkata","Nagaon","6451.00000000"
"2016","2","Kolkata","Nagaon","1543749.23000000"
"2017","2","Kolkata","Nagaon","18041.78000000"
"2016","3","Kolkata","Nagaon","1382983.50000000"
"2017","3","Kolkata","Nagaon","4483.00000000"
"2016","4","Kolkata","Nagaon","3132248.52000000"
"2017","4","Kolkata","Nagaon","1351898.22000000"
"2016","5","Kolkata","Nagaon","1382162.58000000"
"2017","5","Kolkata","Nagaon","1083749.48000000"
"2016","6","Kolkata","Nagaon","1963921.84000000"
"2017","6","Kolkata","Nagaon","406673.49000000"
"2016","7","Kolkata","Nagaon","2026417.80000000"
"2017","7","Kolkata","Nagaon","1813929.87000000"
"2016","8","Kolkata","Nagaon","644024.93000000"
"2017","8","Kolkata","Nagaon","995087.76000000"
"2016","9","Kolkata","Nagaon","1238092.72000000"
"2017","9","Kolkata","Nagaon","935190.16000000"
"2016","10","Kolkata","Nagaon","1223675.86000000"
"2017","10","Kolkata","Nagaon","1381148.17000000"
"2016","11","Kolkata","Nagaon","780626.80000000"
"2016","12","Kolkata","Nagaon","824080.17000000"
"2016","1","Delhi","Patiala","546391.90000000"
"2017","1","Delhi","Patiala","10024.41000000"
"2016","2","Delhi","Patiala","487875.24000000"
"2017","2","Delhi","Patiala","16062.77000000"
"2016","3","Delhi","Patiala","397145.53000000"
"2017","3","Delhi","Patiala","7923.00000000"
"2016","4","Delhi","Patiala","673657.78000000"
"2017","4","Delhi","Patiala","190007.72000000"
"2016","5","Delhi","Patiala","441932.60000000"
"2017","5","Delhi","Patiala","271873.65000000"
"2016","6","Delhi","Patiala","449560.99000000"
"2017","6","Delhi","Patiala","115454.84000000"
"2016","7","Delhi","Patiala","416848.13000000"
"2017","7","Delhi","Patiala","326176.14000000"
"2016","8","Delhi","Patiala","407394.43000000"
"2017","8","Delhi","Patiala","569102.33000000"
"2016","9","Delhi","Patiala","407193.14000000"
"2017","9","Delhi","Patiala","344169.11000000"
"2016","10","Delhi","Patiala","286383.41000000"
"2017","10","Delhi","Patiala","398800.20000000"
"2016","11","Delhi","Patiala","478248.13000000"
"2016","12","Delhi","Patiala","365323.21000000"
"2016","1","Kolkata","Patna - 1","2819950.07000000"
"2017","1","Kolkata","Patna - 1","10776.40000000"
"2016","2","Kolkata","Patna - 1","2945603.16000000"
"2017","2","Kolkata","Patna - 1","8675.00000000"
"2016","3","Kolkata","Patna - 1","2135566.44000000"
"2017","3","Kolkata","Patna - 1","8884.57000000"
"2016","4","Kolkata","Patna - 1","3073147.68000000"
"2017","4","Kolkata","Patna - 1","1496021.88000000"
"2016","5","Kolkata","Patna - 1","1878660.62000000"
"2017","5","Kolkata","Patna - 1","1842232.77000000"
"2016","6","Kolkata","Patna - 1","1389141.03000000"
"2017","6","Kolkata","Patna - 1","3844276.60000000"
"2016","7","Kolkata","Patna - 1","2283860.53000000"
"2017","7","Kolkata","Patna - 1","3342331.79000000"
"2016","8","Kolkata","Patna - 1","2470685.94000000"
"2017","8","Kolkata","Patna - 1","3942193.05000000"
"2016","9","Kolkata","Patna - 1","2194533.96000000"
"2017","9","Kolkata","Patna - 1","1847527.19000000"
"2016","10","Kolkata","Patna - 1","2475125.26000000"
"2017","10","Kolkata","Patna - 1","2635023.53000000"
"2016","11","Kolkata","Patna - 1","2096191.90000000"
"2016","12","Kolkata","Patna - 1","1805736.17000000"
"2016","1","Kolkata","Purnea","2192752.55000000"
"2017","1","Kolkata","Purnea","16524.00000000"
"2016","2","Kolkata","Purnea","2282357.32000000"
"2017","2","Kolkata","Purnea","7265.00000000"
"2016","3","Kolkata","Purnea","916326.05000000"
"2017","3","Kolkata","Purnea","8168.00000000"
"2016","4","Kolkata","Purnea","3502464.25000000"
"2017","4","Kolkata","Purnea","2053792.97000000"
"2016","5","Kolkata","Purnea","1768912.28000000"
"2017","5","Kolkata","Purnea","1472827.69000000"
"2016","6","Kolkata","Purnea","1723779.89000000"
"2017","6","Kolkata","Purnea","1211886.15000000"
"2016","7","Kolkata","Purnea","1967770.95000000"
"2017","7","Kolkata","Purnea","2232796.33000000"
"2016","8","Kolkata","Purnea","1914818.83000000"
"2017","8","Kolkata","Purnea","2324688.46000000"
"2016","9","Kolkata","Purnea","2194737.63000000"
"2017","9","Kolkata","Purnea","2553437.30000000"
"2016","10","Kolkata","Purnea","2019165.79000000"
"2017","10","Kolkata","Purnea","2460655.45000000"
"2016","11","Kolkata","Purnea","1863393.57000000"
"2016","12","Kolkata","Purnea","1798847.91000000"
"2016","1","Kolkata","Ranchi - 1","1549515.62000000"
"2017","1","Kolkata","Ranchi - 1","11945.15000000"
"2016","2","Kolkata","Ranchi - 1","1144497.56000000"
"2017","2","Kolkata","Ranchi - 1","3666.00000000"
"2016","3","Kolkata","Ranchi - 1","777014.93000000"
"2017","3","Kolkata","Ranchi - 1","3757.00000000"
"2016","4","Kolkata","Ranchi - 1","1819556.62000000"
"2017","4","Kolkata","Ranchi - 1","766528.92000000"
"2016","5","Kolkata","Ranchi - 1","644230.07000000"
"2017","5","Kolkata","Ranchi - 1","348414.45000000"
"2016","6","Kolkata","Ranchi - 1","1238580.76000000"
"2017","6","Kolkata","Ranchi - 1","134146.73000000"
"2016","7","Kolkata","Ranchi - 1","1151237.56000000"
"2017","7","Kolkata","Ranchi - 1","1050424.94000000"
"2016","8","Kolkata","Ranchi - 1","605465.28000000"
"2017","8","Kolkata","Ranchi - 1","1217810.39000000"
"2016","9","Kolkata","Ranchi - 1","805904.79000000"
"2017","9","Kolkata","Ranchi - 1","993132.64000000"
"2016","10","Kolkata","Ranchi - 1","618089.30000000"
"2017","10","Kolkata","Ranchi - 1","699337.77000000"
"2016","11","Kolkata","Ranchi - 1","690381.73000000"
"2016","12","Kolkata","Ranchi - 1","782927.30000000"
"2016","1","Delhi","Rohtak","931383.57000000"
"2017","1","Delhi","Rohtak","32382.36000000"
"2016","2","Delhi","Rohtak","535411.03000000"
"2017","2","Delhi","Rohtak","9077.00000000"
"2016","3","Delhi","Rohtak","662328.00000000"
"2017","3","Delhi","Rohtak","8904.00000000"
"2016","4","Delhi","Rohtak","1098995.01000000"
"2017","4","Delhi","Rohtak","288345.67000000"
"2016","5","Delhi","Rohtak","667895.42000000"
"2017","5","Delhi","Rohtak","468864.57000000"
"2016","6","Delhi","Rohtak","624117.30000000"
"2017","6","Delhi","Rohtak","234435.34000000"
"2016","7","Delhi","Rohtak","917313.66000000"
"2017","7","Delhi","Rohtak","814187.31000000"
"2016","8","Delhi","Rohtak","813459.84000000"
"2017","8","Delhi","Rohtak","564993.41000000"
"2016","9","Delhi","Rohtak","797495.47000000"
"2017","9","Delhi","Rohtak","533761.07000000"
"2016","10","Delhi","Rohtak","837782.80000000"
"2017","10","Delhi","Rohtak","803041.25000000"
"2016","11","Delhi","Rohtak","897834.63000000"
"2016","12","Delhi","Rohtak","915348.05000000"
"2016","1","Kolkata","Silchar","1988676.86000000"
"2017","1","Kolkata","Silchar","2290.00000000"
"2016","2","Kolkata","Silchar","1872841.75000000"
"2017","2","Kolkata","Silchar","4361.00000000"
"2016","3","Kolkata","Silchar","993880.38000000"
"2017","3","Kolkata","Silchar","4069.00000000"
"2016","4","Kolkata","Silchar","2682637.34000000"
"2017","4","Kolkata","Silchar","1102483.94000000"
"2016","5","Kolkata","Silchar","1351515.39000000"
"2017","5","Kolkata","Silchar","930945.04000000"
"2016","6","Kolkata","Silchar","1334421.72000000"
"2017","6","Kolkata","Silchar","232240.31000000"
"2016","7","Kolkata","Silchar","1691814.24000000"
"2017","7","Kolkata","Silchar","641402.61000000"
"2016","8","Kolkata","Silchar","1013628.12000000"
"2017","8","Kolkata","Silchar","618475.49000000"
"2016","9","Kolkata","Silchar","797683.10000000"
"2017","9","Kolkata","Silchar","675518.64000000"
"2016","10","Kolkata","Silchar","1132204.76000000"
"2017","10","Kolkata","Silchar","1015692.17000000"
"2016","11","Kolkata","Silchar","1385901.23000000"
"2016","12","Kolkata","Silchar","1141285.28000000"
"2016","1","Kolkata","Siliguri / Coochbehar","1633781.78000000"
"2017","1","Kolkata","Siliguri / Coochbehar","77542.23000000"
"2016","2","Kolkata","Siliguri / Coochbehar","1404739.91000000"
"2017","2","Kolkata","Siliguri / Coochbehar","13260.00000000"
"2016","3","Kolkata","Siliguri / Coochbehar","1310930.28000000"
"2017","3","Kolkata","Siliguri / Coochbehar","24826.15000000"
"2016","4","Kolkata","Siliguri / Coochbehar","2983247.82000000"
"2017","4","Kolkata","Siliguri / Coochbehar","1024742.54000000"
"2016","5","Kolkata","Siliguri / Coochbehar","1508278.90000000"
"2017","5","Kolkata","Siliguri / Coochbehar","472804.84000000"
"2016","6","Kolkata","Siliguri / Coochbehar","1603667.80000000"
"2017","6","Kolkata","Siliguri / Coochbehar","405638.84000000"
"2016","7","Kolkata","Siliguri / Coochbehar","1109137.27000000"
"2017","7","Kolkata","Siliguri / Coochbehar","24513.38000000"
"2016","8","Kolkata","Siliguri / Coochbehar","1145242.37000000"
"2016","9","Kolkata","Siliguri / Coochbehar","1118825.05000000"
"2017","9","Kolkata","Siliguri / Coochbehar","-8822.00000000"
"2016","10","Kolkata","Siliguri / Coochbehar","1393840.55000000"
"2016","11","Kolkata","Siliguri / Coochbehar","1137008.41000000"
"2016","12","Kolkata","Siliguri / Coochbehar","1288552.82000000"
"2016","1","Lucknow","Lucknow-2","508130.57000000"
"2017","1","Lucknow","Lucknow-2","7353.89000000"
"2016","2","Lucknow","Lucknow-2","453585.42000000"
"2017","2","Lucknow","Lucknow-2","105927.08000000"
"2016","3","Lucknow","Lucknow-2","525810.93000000"
"2017","3","Lucknow","Lucknow-2","870.00000000"
"2016","4","Lucknow","Lucknow-2","832260.12000000"
"2017","4","Lucknow","Lucknow-2","1639.96000000"
"2016","5","Lucknow","Lucknow-2","663942.70000000"
"2017","5","Lucknow","Lucknow-2","66730.06000000"
"2016","6","Lucknow","Lucknow-2","760142.63000000"
"2017","6","Lucknow","Lucknow-2","9709.41000000"
"2016","7","Lucknow","Lucknow-2","1102574.58000000"
"2017","7","Lucknow","Lucknow-2","77671.80000000"
"2016","8","Lucknow","Lucknow-2","434760.00000000"
"2017","8","Lucknow","Lucknow-2","37551.29000000"
"2016","9","Lucknow","Lucknow-2","267016.57000000"
"2017","9","Lucknow","Lucknow-2","90920.40000000"
"2016","10","Lucknow","Lucknow-2","438256.65000000"
"2017","10","Lucknow","Lucknow-2","61694.30000000"
"2016","11","Lucknow","Lucknow-2","696309.54000000"
"2016","12","Lucknow","Lucknow-2","630772.74000000"
"2016","1","Lucknow","Varanasi-1","1846842.52000000"
"2017","1","Lucknow","Varanasi-1","13791.94000000"
"2016","2","Lucknow","Varanasi-1","3254608.57000000"
"2017","2","Lucknow","Varanasi-1","12944.20000000"
"2016","3","Lucknow","Varanasi-1","1058077.55000000"
"2017","3","Lucknow","Varanasi-1","30542.47000000"
"2016","4","Lucknow","Varanasi-1","2976935.05000000"
"2017","4","Lucknow","Varanasi-1","1236032.15000000"
"2016","5","Lucknow","Varanasi-1","2080862.15000000"
"2017","5","Lucknow","Varanasi-1","1038714.03000000"
"2016","6","Lucknow","Varanasi-1","2832497.16000000"
"2017","6","Lucknow","Varanasi-1","1038149.80000000"
"2016","7","Lucknow","Varanasi-1","1102171.40000000"
"2017","7","Lucknow","Varanasi-1","2750769.98000000"
"2016","8","Lucknow","Varanasi-1","1795832.03000000"
"2017","8","Lucknow","Varanasi-1","1997294.58000000"
"2016","9","Lucknow","Varanasi-1","1108800.45000000"
"2017","9","Lucknow","Varanasi-1","1647297.63000000"
"2016","10","Lucknow","Varanasi-1","1853652.40000000"
"2017","10","Lucknow","Varanasi-1","2189473.67000000"
"2016","11","Lucknow","Varanasi-1","1770955.66000000"
"2016","12","Lucknow","Varanasi-1","2072044.98000000"
"2016","1","Delhi","Gurgaon","859763.40000000"
"2017","1","Delhi","Gurgaon","5852.00000000"
"2016","2","Delhi","Gurgaon","537884.99000000"
"2017","2","Delhi","Gurgaon","7697.43000000"
"2016","3","Delhi","Gurgaon","566051.52000000"
"2017","3","Delhi","Gurgaon","3680.00000000"
"2016","4","Delhi","Gurgaon","601063.08000000"
"2017","4","Delhi","Gurgaon","432360.82000000"
"2016","5","Delhi","Gurgaon","402986.35000000"
"2017","5","Delhi","Gurgaon","265828.45000000"
"2016","6","Delhi","Gurgaon","482110.53000000"
"2017","6","Delhi","Gurgaon","113413.21000000"
"2016","7","Delhi","Gurgaon","884464.80000000"
"2017","7","Delhi","Gurgaon","597651.60000000"
"2016","8","Delhi","Gurgaon","535004.83000000"
"2017","8","Delhi","Gurgaon","503687.66000000"
"2016","9","Delhi","Gurgaon","495038.14000000"
"2017","9","Delhi","Gurgaon","515898.65000000"
"2016","10","Delhi","Gurgaon","401017.41000000"
"2017","10","Delhi","Gurgaon","385147.79000000"
"2016","11","Delhi","Gurgaon","707523.12000000"
"2016","12","Delhi","Gurgaon","876993.30000000"
"2016","1","Delhi","Jaipur","1208295.37000000"
"2017","1","Delhi","Jaipur","14142.00000000"
"2016","2","Delhi","Jaipur","1302570.43000000"
"2017","2","Delhi","Jaipur","15198.00000000"
"2016","3","Delhi","Jaipur","549652.62000000"
"2017","3","Delhi","Jaipur","11374.00000000"
"2016","4","Delhi","Jaipur","1521086.11000000"
"2017","4","Delhi","Jaipur","346809.25000000"
"2016","5","Delhi","Jaipur","1310671.29000000"
"2017","5","Delhi","Jaipur","560776.40000000"
"2016","6","Delhi","Jaipur","728294.20000000"
"2017","6","Delhi","Jaipur","327302.34000000"
"2016","7","Delhi","Jaipur","883844.66000000"
"2017","7","Delhi","Jaipur","885464.66000000"
"2016","8","Delhi","Jaipur","1010259.23000000"
"2017","8","Delhi","Jaipur","993613.94000000"
"2016","9","Delhi","Jaipur","1135584.15000000"
"2017","9","Delhi","Jaipur","1031093.37000000"
"2016","10","Delhi","Jaipur","1036150.20000000"
"2017","10","Delhi","Jaipur","812721.92000000"
"2016","11","Delhi","Jaipur","1107400.80000000"
"2016","12","Delhi","Jaipur","1214004.58000000"
"2016","1","Delhi","Jodhpur","668317.16000000"
"2017","1","Delhi","Jodhpur","2284.00000000"
"2016","2","Delhi","Jodhpur","560919.06000000"
"2017","2","Delhi","Jodhpur","1788.00000000"
"2016","3","Delhi","Jodhpur","350625.47000000"
"2017","3","Delhi","Jodhpur","1909.00000000"
"2016","4","Delhi","Jodhpur","856932.89000000"
"2017","4","Delhi","Jodhpur","196535.73000000"
"2016","5","Delhi","Jodhpur","298605.75000000"
"2017","5","Delhi","Jodhpur","247565.56000000"
"2016","6","Delhi","Jodhpur","526945.02000000"
"2017","6","Delhi","Jodhpur","82350.38000000"
"2016","7","Delhi","Jodhpur","618236.29000000"
"2017","7","Delhi","Jodhpur","340552.69000000"
"2016","8","Delhi","Jodhpur","464505.54000000"
"2017","8","Delhi","Jodhpur","602335.33000000"
"2016","9","Delhi","Jodhpur","264526.72000000"
"2017","9","Delhi","Jodhpur","471998.32000000"
"2016","10","Delhi","Jodhpur","412009.97000000"
"2017","10","Delhi","Jodhpur","188560.20000000"
"2016","11","Delhi","Jodhpur","669749.71000000"
"2016","12","Delhi","Jodhpur","562269.94000000"
"2016","1","Delhi","Kota","443268.21000000"
"2017","1","Delhi","Kota","14702.87000000"
"2016","2","Delhi","Kota","760885.04000000"
"2017","2","Delhi","Kota","2801.00000000"
"2016","3","Delhi","Kota","272657.51000000"
"2017","3","Delhi","Kota","1595.00000000"
"2016","4","Delhi","Kota","811031.26000000"
"2017","4","Delhi","Kota","119437.97000000"
"2016","5","Delhi","Kota","175177.30000000"
"2017","5","Delhi","Kota","146075.56000000"
"2016","6","Delhi","Kota","305399.12000000"
"2017","6","Delhi","Kota","66550.92000000"
"2016","7","Delhi","Kota","237647.19000000"
"2017","7","Delhi","Kota","380105.82000000"
"2016","8","Delhi","Kota","535979.09000000"
"2017","8","Delhi","Kota","292482.66000000"
"2016","9","Delhi","Kota","433442.72000000"
"2017","9","Delhi","Kota","543151.29000000"
"2016","10","Delhi","Kota","295981.73000000"
"2017","10","Delhi","Kota","166768.05000000"
"2016","11","Delhi","Kota","333900.60000000"
"2016","12","Delhi","Kota","121227.98000000"
"2016","1","Delhi","Udaipur","501138.38000000"
"2017","1","Delhi","Udaipur","3007.56000000"
"2016","2","Delhi","Udaipur","452640.53000000"
"2017","2","Delhi","Udaipur","2055.40000000"
"2016","3","Delhi","Udaipur","368768.17000000"
"2017","3","Delhi","Udaipur","11172.15000000"
"2016","4","Delhi","Udaipur","603043.53000000"
"2017","4","Delhi","Udaipur","90579.72000000"
"2016","5","Delhi","Udaipur","498555.62000000"
"2017","5","Delhi","Udaipur","108168.37000000"
"2016","6","Delhi","Udaipur","441629.43000000"
"2017","6","Delhi","Udaipur","158700.16000000"
"2016","7","Delhi","Udaipur","409388.53000000"
"2017","7","Delhi","Udaipur","601133.91000000"
"2016","8","Delhi","Udaipur","445839.92000000"
"2017","8","Delhi","Udaipur","614946.03000000"
"2016","9","Delhi","Udaipur","532634.32000000"
"2017","9","Delhi","Udaipur","355844.13000000"
"2016","10","Delhi","Udaipur","349211.32000000"
"2017","10","Delhi","Udaipur","263978.42000000"
"2016","11","Delhi","Udaipur","518557.11000000"
"2016","12","Delhi","Udaipur","421152.94000000"
"2016","1","Lucknow","Gorakhpur -2","1274551.47000000"
"2017","1","Lucknow","Gorakhpur -2","2970.00000000"
"2016","2","Lucknow","Gorakhpur -2","1082565.27000000"
"2017","2","Lucknow","Gorakhpur -2","9896.75000000"
"2016","3","Lucknow","Gorakhpur -2","833675.83000000"
"2017","3","Lucknow","Gorakhpur -2","1947.00000000"
"2016","4","Lucknow","Gorakhpur -2","1698082.23000000"
"2017","4","Lucknow","Gorakhpur -2","417812.90000000"
"2016","5","Lucknow","Gorakhpur -2","1209679.61000000"
"2017","5","Lucknow","Gorakhpur -2","2033288.14000000"
"2016","6","Lucknow","Gorakhpur -2","1769995.22000000"
"2017","6","Lucknow","Gorakhpur -2","992476.04000000"
"2016","7","Lucknow","Gorakhpur -2","1753298.45000000"
"2017","7","Lucknow","Gorakhpur -2","3419828.43000000"
"2016","8","Lucknow","Gorakhpur -2","1952290.57000000"
"2017","8","Lucknow","Gorakhpur -2","2012898.34000000"
"2016","9","Lucknow","Gorakhpur -2","1511955.25000000"
"2017","9","Lucknow","Gorakhpur -2","2935843.73000000"
"2016","10","Lucknow","Gorakhpur -2","981596.80000000"
"2017","10","Lucknow","Gorakhpur -2","1912024.60000000"
"2016","11","Lucknow","Gorakhpur -2","1341551.26000000"
"2016","12","Lucknow","Gorakhpur -2","1403189.18000000"
"2016","1","Lucknow","Kanpur - 2","2227415.80000000"
"2017","1","Lucknow","Kanpur - 2","5710.00000000"
"2016","2","Lucknow","Kanpur - 2","1345469.28000000"
"2017","2","Lucknow","Kanpur - 2","763206.20000000"
"2016","3","Lucknow","Kanpur - 2","1017197.36000000"
"2017","3","Lucknow","Kanpur - 2","3247.00000000"
"2016","4","Lucknow","Kanpur - 2","2930252.57000000"
"2017","4","Lucknow","Kanpur - 2","-168997.75000000"
"2016","5","Lucknow","Kanpur - 2","1445947.33000000"
"2017","5","Lucknow","Kanpur - 2","242475.51000000"
"2016","6","Lucknow","Kanpur - 2","1253522.50000000"
"2017","6","Lucknow","Kanpur - 2","1422325.92000000"
"2016","7","Lucknow","Kanpur - 2","3126275.30000000"
"2017","7","Lucknow","Kanpur - 2","773270.07000000"
"2016","8","Lucknow","Kanpur - 2","1310637.73000000"
"2017","8","Lucknow","Kanpur - 2","1148984.96000000"
"2016","9","Lucknow","Kanpur - 2","1566046.23000000"
"2017","9","Lucknow","Kanpur - 2","836577.59000000"
"2016","10","Lucknow","Kanpur - 2","3743739.84000000"
"2017","10","Lucknow","Kanpur - 2","443322.65000000"
"2016","11","Lucknow","Kanpur - 2","2491730.51000000"
"2016","12","Lucknow","Kanpur - 2","2763257.16000000"
"2016","1","Delhi","Delhi","6111383.82000000"
"2017","1","Delhi","Delhi","57881.01000000"
"2016","2","Delhi","Delhi","5900850.13000000"
"2017","2","Delhi","Delhi","72258.09000000"
"2016","3","Delhi","Delhi","3063246.44000000"
"2017","3","Delhi","Delhi","37318.00000000"
"2016","4","Delhi","Delhi","8494537.67000000"
"2017","4","Delhi","Delhi","1125512.92000000"
"2016","5","Delhi","Delhi","4293867.34000000"
"2017","5","Delhi","Delhi","1910252.10000000"
"2016","6","Delhi","Delhi","4792464.63000000"
"2017","6","Delhi","Delhi","1841556.02000000"
"2016","7","Delhi","Delhi","9746057.25000000"
"2017","7","Delhi","Delhi","2673440.92000000"
"2016","8","Delhi","Delhi","4512813.42000000"
"2017","8","Delhi","Delhi","3618604.81000000"
"2016","9","Delhi","Delhi","3517013.97000000"
"2017","9","Delhi","Delhi","3135806.70000000"
"2016","10","Delhi","Delhi","3515716.58000000"
"2017","10","Delhi","Delhi","2603379.14000000"
"2016","11","Delhi","Delhi","3571814.93000000"
"2016","12","Delhi","Delhi","2853158.03000000"
"2016","1","Kolkata","Kolkata - 2","3199220.08000000"
"2017","1","Kolkata","Kolkata - 2","104865.04000000"
"2016","2","Kolkata","Kolkata - 2","3019639.80000000"
"2017","2","Kolkata","Kolkata - 2","89288.73000000"
"2016","3","Kolkata","Kolkata - 2","2412555.42000000"
"2017","3","Kolkata","Kolkata - 2","72508.03000000"
"2016","4","Kolkata","Kolkata - 2","4084411.54000000"
"2017","4","Kolkata","Kolkata - 2","1540400.12000000"
"2016","5","Kolkata","Kolkata - 2","2640702.35000000"
"2017","5","Kolkata","Kolkata - 2","1338472.28000000"
"2016","6","Kolkata","Kolkata - 2","3071370.48000000"
"2017","6","Kolkata","Kolkata - 2","620203.22000000"
"2016","7","Kolkata","Kolkata - 2","1524990.25000000"
"2017","7","Kolkata","Kolkata - 2","209950.32000000"
"2016","8","Kolkata","Kolkata - 2","2032227.98000000"
"2017","8","Kolkata","Kolkata - 2","466.07000000"
"2016","9","Kolkata","Kolkata - 2","1689427.66000000"
"2017","9","Kolkata","Kolkata - 2","-11230.00000000"
"2016","10","Kolkata","Kolkata - 2","1716084.12000000"
"2016","11","Kolkata","Kolkata - 2","1976910.22000000"
"2016","12","Kolkata","Kolkata - 2","1755535.92000000"
"2016","1","Kolkata","Patna - 2","2128572.25000000"
"2017","1","Kolkata","Patna - 2","3511.00000000"
"2016","2","Kolkata","Patna - 2","1562416.61000000"
"2017","2","Kolkata","Patna - 2","2952.00000000"
"2016","3","Kolkata","Patna - 2","689414.43000000"
"2017","3","Kolkata","Patna - 2","48636.58000000"
"2016","4","Kolkata","Patna - 2","2766600.84000000"
"2017","4","Kolkata","Patna - 2","768095.53000000"
"2016","5","Kolkata","Patna - 2","1470769.59000000"
"2017","5","Kolkata","Patna - 2","3319346.39000000"
"2016","6","Kolkata","Patna - 2","1709498.55000000"
"2017","6","Kolkata","Patna - 2","1816388.89000000"
"2016","7","Kolkata","Patna - 2","2708180.87000000"
"2017","7","Kolkata","Patna - 2","4950494.37000000"
"2016","8","Kolkata","Patna - 2","2141458.40000000"
"2017","8","Kolkata","Patna - 2","3948200.83000000"
"2016","9","Kolkata","Patna - 2","1787367.98000000"
"2017","9","Kolkata","Patna - 2","3315312.92000000"
"2016","10","Kolkata","Patna - 2","2351454.54000000"
"2017","10","Kolkata","Patna - 2","2432433.06000000"
"2016","11","Kolkata","Patna - 2","1870762.27000000"
"2016","12","Kolkata","Patna - 2","1365460.32000000"
"2016","1","Kolkata","Ranchi - 2","756742.33000000"
"2017","1","Kolkata","Ranchi - 2","7388.00000000"
"2016","2","Kolkata","Ranchi - 2","712127.16000000"
"2017","2","Kolkata","Ranchi - 2","1062.00000000"
"2016","3","Kolkata","Ranchi - 2","370883.99000000"
"2017","3","Kolkata","Ranchi - 2","1933.00000000"
"2016","4","Kolkata","Ranchi - 2","950407.55000000"
"2017","4","Kolkata","Ranchi - 2","48948.46000000"
"2016","5","Kolkata","Ranchi - 2","1142793.06000000"
"2017","5","Kolkata","Ranchi - 2","128868.48000000"
"2016","6","Kolkata","Ranchi - 2","548215.79000000"
"2017","6","Kolkata","Ranchi - 2","97357.65000000"
"2016","7","Kolkata","Ranchi - 2","574627.41000000"
"2017","7","Kolkata","Ranchi - 2","167308.53000000"
"2016","8","Kolkata","Ranchi - 2","1086060.70000000"
"2017","8","Kolkata","Ranchi - 2","497583.16000000"
"2016","9","Kolkata","Ranchi - 2","1337650.56000000"
"2017","9","Kolkata","Ranchi - 2","748290.85000000"
"2016","10","Kolkata","Ranchi - 2","882966.95000000"
"2017","10","Kolkata","Ranchi - 2","770778.55000000"
"2016","11","Kolkata","Ranchi - 2","998269.63000000"
"2016","12","Kolkata","Ranchi - 2","813006.70000000"
"2017","7","Kolkata","BHUBANESWAR","249794.43000000"
"2017","8","Kolkata","BHUBANESWAR","466406.53000000"
"2017","9","Kolkata","BHUBANESWAR","336408.37000000"
"2017","10","Kolkata","BHUBANESWAR","313733.99000000"
"2017","7","Kolkata","Balasore","138569.97000000"
"2017","8","Kolkata","Balasore","371614.80000000"
"2017","9","Kolkata","Balasore","218750.06000000"
"2017","10","Kolkata","Balasore","273370.05000000"
"2016","1","Lucknow","CUTTACK","8827.75000000"
"2017","1","Lucknow","CUTTACK","100.00000000"
"2017","2","Lucknow","CUTTACK","200.00000000"
"2016","3","Lucknow","CUTTACK","9932.60000000"
"2017","3","Lucknow","CUTTACK","434.00000000"
"2016","4","Lucknow","CUTTACK","8975.21000000"
"2016","5","Lucknow","CUTTACK","16313.78000000"
"2016","6","Lucknow","CUTTACK","11945.74000000"
"2016","7","Lucknow","CUTTACK","9650.73000000"
"2017","7","Kolkata","CUTTACK","218411.74000000"
"2016","8","Lucknow","CUTTACK","16149.71000000"
"2017","8","Kolkata","CUTTACK","372988.45000000"
"2016","9","Lucknow","CUTTACK","12435.23000000"
"2017","9","Kolkata","CUTTACK","260917.73000000"
"2016","10","Lucknow","CUTTACK","4834.52000000"
"2017","10","Kolkata","CUTTACK","342025.64000000"
"2016","11","Lucknow","CUTTACK","12531.39000000"
"2016","1","Lucknow","Varanasi-2","473003.03000000"
"2017","1","Lucknow","Varanasi-2","3327.00000000"
"2016","2","Lucknow","Varanasi-2","615421.34000000"
"2017","2","Lucknow","Varanasi-2","2437.00000000"
"2016","3","Lucknow","Varanasi-2","513093.24000000"
"2017","3","Lucknow","Varanasi-2","10998.00000000"
"2016","4","Lucknow","Varanasi-2","948595.99000000"
"2017","4","Lucknow","Varanasi-2","385752.86000000"
"2016","5","Lucknow","Varanasi-2","762857.20000000"
"2017","5","Lucknow","Varanasi-2","306606.44000000"
"2016","6","Lucknow","Varanasi-2","916475.87000000"
"2017","6","Lucknow","Varanasi-2","670744.52000000"
"2016","7","Lucknow","Varanasi-2","847991.57000000"
"2017","7","Lucknow","Varanasi-2","790851.03000000"
"2016","8","Lucknow","Varanasi-2","438539.29000000"
"2017","8","Lucknow","Varanasi-2","1309506.84000000"
"2016","9","Lucknow","Varanasi-2","513623.45000000"
"2017","9","Lucknow","Varanasi-2","1210323.26000000"
"2016","10","Lucknow","Varanasi-2","387017.92000000"
"2017","10","Lucknow","Varanasi-2","693792.47000000"
"2016","11","Lucknow","Varanasi-2","694877.66000000"
"2016","12","Lucknow","Varanasi-2","519606.74000000"
"2016","1","Delhi","Srinagar","1191201.02000000"
"2017","1","Delhi","Srinagar","11387.00000000"
"2016","2","Delhi","Srinagar","1049807.46000000"
"2017","2","Delhi","Srinagar","5519.00000000"
"2016","3","Delhi","Srinagar","1098072.52000000"
"2017","3","Delhi","Srinagar","11027.00000000"
"2016","4","Delhi","Srinagar","1739673.22000000"
"2017","4","Delhi","Srinagar","654165.40000000"
"2016","5","Delhi","Srinagar","1115054.42000000"
"2017","5","Delhi","Srinagar","956332.56000000"
"2016","6","Delhi","Srinagar","1036460.33000000"
"2017","6","Delhi","Srinagar","400555.31000000"
"2016","7","Delhi","Srinagar","335527.05000000"
"2017","7","Delhi","Srinagar","1087028.54000000"
"2016","8","Delhi","Srinagar","892135.00000000"
"2017","8","Delhi","Srinagar","1252046.90000000"
"2016","9","Delhi","Srinagar","1109073.48000000"
"2017","9","Delhi","Srinagar","1140170.27000000"
"2016","10","Delhi","Srinagar","965482.58000000"
"2017","10","Delhi","Srinagar","582948.44000000"
"2016","11","Delhi","Srinagar","909124.59000000"
"2016","12","Delhi","Srinagar","779073.12000000"
"2016","1","Delhi","Sri Ganganagar","674280.47000000"
"2017","1","Delhi","Sri Ganganagar","12423.15000000"
"2016","2","Delhi","Sri Ganganagar","459551.15000000"
"2017","2","Delhi","Sri Ganganagar","10410.08000000"
"2016","3","Delhi","Sri Ganganagar","278821.39000000"
"2017","3","Delhi","Sri Ganganagar","9360.47000000"
"2016","4","Delhi","Sri Ganganagar","647282.53000000"
"2017","4","Delhi","Sri Ganganagar","109423.88000000"
"2016","5","Delhi","Sri Ganganagar","320036.16000000"
"2017","5","Delhi","Sri Ganganagar","195637.61000000"
"2016","6","Delhi","Sri Ganganagar","442613.89000000"
"2017","6","Delhi","Sri Ganganagar","83877.98000000"
"2016","7","Delhi","Sri Ganganagar","400840.52000000"
"2017","7","Delhi","Sri Ganganagar","320247.36000000"
"2016","8","Delhi","Sri Ganganagar","327723.86000000"
"2017","8","Delhi","Sri Ganganagar","567214.09000000"
"2016","9","Delhi","Sri Ganganagar","363714.29000000"
"2017","9","Delhi","Sri Ganganagar","468540.76000000"
"2016","10","Delhi","Sri Ganganagar","187586.06000000"
"2017","10","Delhi","Sri Ganganagar","241610.28000000"
"2016","11","Delhi","Sri Ganganagar","486122.61000000"
"2016","12","Delhi","Sri Ganganagar","544499.51000000"
"2016","1","Delhi","Bharatpur","778703.12000000"
"2017","1","Delhi","Bharatpur","92321.06000000"
"2016","2","Delhi","Bharatpur","872051.89000000"
"2017","2","Delhi","Bharatpur","8606.00000000"
"2016","3","Delhi","Bharatpur","646442.86000000"
"2017","3","Delhi","Bharatpur","9222.69000000"
"2016","4","Delhi","Bharatpur","1142347.25000000"
"2017","4","Delhi","Bharatpur","266873.33000000"
"2016","5","Delhi","Bharatpur","662958.08000000"
"2017","5","Delhi","Bharatpur","296273.73000000"
"2016","6","Delhi","Bharatpur","745771.85000000"
"2017","6","Delhi","Bharatpur","152354.99000000"
"2016","7","Delhi","Bharatpur","707547.64000000"
"2017","7","Delhi","Bharatpur","661733.97000000"
"2016","8","Delhi","Bharatpur","671339.39000000"
"2017","8","Delhi","Bharatpur","721070.19000000"
"2016","9","Delhi","Bharatpur","809401.74000000"
"2017","9","Delhi","Bharatpur","622782.70000000"
"2016","10","Delhi","Bharatpur","879057.17000000"
"2017","10","Delhi","Bharatpur","425198.81000000"
"2016","11","Delhi","Bharatpur","830672.29000000"
"2016","12","Delhi","Bharatpur","577244.52000000"
"2016","1","Delhi","Sikar","416060.16000000"
"2017","1","Delhi","Sikar","7113.97000000"
"2016","2","Delhi","Sikar","300481.54000000"
"2017","2","Delhi","Sikar","8188.29000000"
"2016","3","Delhi","Sikar","182260.19000000"
"2017","3","Delhi","Sikar","1302.00000000"
"2016","4","Delhi","Sikar","563925.51000000"
"2017","4","Delhi","Sikar","75570.36000000"
"2016","5","Delhi","Sikar","222939.27000000"
"2017","5","Delhi","Sikar","200890.92000000"
"2016","6","Delhi","Sikar","305692.17000000"
"2017","6","Delhi","Sikar","21717.55000000"
"2016","7","Delhi","Sikar","187340.38000000"
"2017","7","Delhi","Sikar","133340.91000000"
"2016","8","Delhi","Sikar","182204.25000000"
"2017","8","Delhi","Sikar","202862.53000000"
"2016","9","Delhi","Sikar","157202.18000000"
"2017","9","Delhi","Sikar","84171.71000000"
"2016","10","Delhi","Sikar","462017.49000000"
"2017","10","Delhi","Sikar","118962.87000000"
"2016","11","Delhi","Sikar","336062.95000000"
"2016","12","Delhi","Sikar","422874.20000000"
