State Name,District Name,Town Name,Total   Households ,Total Population of Town,pucca road,kuccha road,hsp,beds,doctors,paramed staff,dsp,phc,govt schools,pvt schools,govt colleges,pvt colleges,theatres,electricity,banks
TAMIL NADU,THIRUVALLUR,Tiruverkadu (M + OG),16301,64698,44,20,9,68,13,44,6,1,6,12,0,4,0,8092,5
TAMIL NADU,THIRUVALLUR,Gummidipoondi (TP),4787,18891,22,1,4,38,12,34,2,3,9,7,0,0,2,6002,8
TAMIL NADU,THIRUVALLUR,Madaharpakkam (CT),1109,4250,4,1,0,0,0,0,3,0,6,2,0,0,1,1850,1
TAMIL NADU,THIRUVALLUR,Peddikuppam (CT),2100,8044,3,1,0,0,0,0,1,0,3,0,0,0,0,1439,1
TAMIL NADU,THIRUVALLUR,Ponneri (TP),7842,31025,30,5,4,52,16,49,11,3,10,9,1,0,3,6660,14
TAMIL NADU,THIRUVALLUR,Arani (TP),3328,12833,15,1,2,20,9,21,3,3,8,3,0,0,0,3157,2
TAMIL NADU,THIRUVALLUR,Minjur (TP),7048,28337,58,24,3,41,10,28,9,3,16,19,0,1,2,10202,5
TAMIL NADU,THIRUVALLUR,Athipattu (CT),2762,11034,8,4,2,24,9,23,2,3,10,5,0,0,0,3199,1
TAMIL NADU,THIRUVALLUR,Nallur (CT),4887,19595,12,5,0,0,0,0,10,0,6,8,0,0,0,7092,1
TAMIL NADU,THIRUVALLUR,Alamathi (CT),1894,7424,10,15,0,0,0,0,1,0,6,1,0,3,0,1452,1
TAMIL NADU,THIRUVALLUR,Padianallur (CT),5912,23819,5,2,3,32,9,27,11,3,5,32,0,0,1,5992,3
TAMIL NADU,THIRUVALLUR,Edayanchavadi (CT),3142,12119,12,3,1,12,7,16,4,2,11,3,0,0,0,4423,2
TAMIL NADU,THIRUVALLUR,Uthukkottai (TP),3244,12740,15,5,3,30,12,35,7,3,13,10,0,0,2,4714,7
TAMIL NADU,THIRUVALLUR,Tiruttani (M),11122,44781,37,1,5,73,25,99,43,3,28,9,1,4,5,3274,9
TAMIL NADU,THIRUVALLUR,Pallipattu (TP),1979,8721,12,2,2,20,8,28,8,3,11,7,0,0,1,2502,5
TAMIL NADU,THIRUVALLUR,Pothatturpettai (TP),4711,22040,19,2,4,40,14,40,16,3,28,0,0,0,1,4207,3
TAMIL NADU,THIRUVALLUR,Kodivalasa (CT),2046,9024,7,1,1,15,5,16,6,2,13,2,0,1,0,1164,4
TAMIL NADU,THIRUVALLUR,Vanganur (CT),1508,6584,9,2,2,24,7,28,2,3,5,0,0,0,2,1762,2
TAMIL NADU,THIRUVALLUR,Ammavarikuppam (CT),2450,10750,9,1,1,15,8,27,9,2,9,2,0,0,0,2923,1
TAMIL NADU,THIRUVALLUR,Srikalikapuram (CT),1090,5044,5,2,1,15,5,17,2,2,7,0,0,0,0,1127,2
TAMIL NADU,THIRUVALLUR,Thiruvallur (M),14004,56074,62,1,5,110,35,110,24,3,20,24,0,3,4,20029,11
TAMIL NADU,THIRUVALLUR,Kakkalur (CT),3707,14528,5,7,0,0,0,0,5,0,4,8,0,0,0,4314,5
TAMIL NADU,THIRUVALLUR,Thozhur (CT),1430,5698,3,1,0,0,0,0,1,0,10,4,0,0,0,394,1
TAMIL NADU,THIRUVALLUR,Vengathur (CT),5958,23292,7,1,1,0,0,0,8,0,3,8,0,1,1,7172,6
TAMIL NADU,THIRUVALLUR,Kadambathur (CT),2791,11235,10,5,6,20,8,23,6,3,14,6,0,0,0,3376,6
TAMIL NADU,THIRUVALLUR,Perambakkam (CT),1573,6462,19,1,2,40,7,23,6,3,7,1,0,0,0,1151,2
TAMIL NADU,THIRUVALLUR,Avadi (M),87733,345996,47,1,4,402,53,176,51,3,19,0,0,10,4,102495,20
TAMIL NADU,THIRUVALLUR,Thirunindravur (TP),9425,37095,18,4,2,18,7,30,7,2,8,21,0,4,2,11298,3
TAMIL NADU,THIRUVALLUR,Thirumazhisai (TP),5220,19733,17,5,1,0,0,0,2,0,8,6,0,1,1,5042,2
TAMIL NADU,THIRUVALLUR,Poonamallee (M + OG),15541,60607,36,1,5,81,24,41,11,3,9,13,0,8,4,21657,11
TAMIL NADU,THIRUVALLUR,Nadukuthagai (CT),2391,9251,12,2,0,0,0,0,2,0,2,8,0,3,0,1600,2
TAMIL NADU,THIRUVALLUR,Nemilicheri (CT),1476,5743,3,1,0,0,0,0,1,0,3,0,0,0,0,1331,1
TAMIL NADU,THIRUVALLUR,Kannapalayam (CT),1327,4704,12,5,1,17,5,16,1,2,2,0,0,0,0,1067,2
TAMIL NADU,THIRUVALLUR,Senneerkuppam (CT),4183,16237,5,2,0,0,0,0,1,0,3,0,0,0,0,2093,1
TAMIL NADU,THIRUVALLUR,Nazarathpettai (CT),2180,8660,12,1,0,0,0,0,2,0,5,0,0,2,0,2545,2
TAMIL NADU,THIRUVALLUR,Kattupakkam (CT),6089,23910,5,2,1,0,0,0,5,0,4,6,0,0,0,2157,2
TAMIL NADU,THIRUVALLUR,Ambattur (M),120248,466205,42,1,8,520,67,246,51,7,67,4,0,4,13,118704,24
TAMIL NADU,THIRUVALLUR,Maduravoyal (M),21623,86195,13,1,3,90,25,55,10,0,22,21,1,5,0,13100,8
TAMIL NADU,THIRUVALLUR,Valasaravakkam (M),12278,47378,18,1,2,18,8,18,16,2,29,16,0,0,0,17412,8
TAMIL NADU,THIRUVALLUR,Porur (TP),11803,46690,17,20,3,40,8,37,21,3,12,36,0,1,1,24305,12
TAMIL NADU,THIRUVALLUR,Ayappakkam (CT),7327,29511,10,1,1,0,0,0,5,0,2,11,0,0,0,8695,2
TAMIL NADU,THIRUVALLUR,Nolambur (CT),5653,21973,7,1,2,15,7,15,7,2,2,1,0,0,0,7778,2
TAMIL NADU,THIRUVALLUR,Nerkunram (CT),15239,59790,16,1,4,0,0,0,6,0,5,23,0,0,1,10310,4
TAMIL NADU,THIRUVALLUR,Vanagaram (CT),4915,19208,10,2,1,15,6,19,2,2,4,20,0,1,0,4319,1
TAMIL NADU,THIRUVALLUR,Karambakkam (CT),5490,21376,8,3,1,0,0,0,6,0,5,12,0,3,0,6423,2
TAMIL NADU,THIRUVALLUR,Ramapuram (CT),12993,52295,20,8,1,0,0,0,16,0,3,40,0,3,0,11964,6
TAMIL NADU,THIRUVALLUR,Kattivakkam (M),9354,36617,12,20,2,18,8,18,16,2,13,0,0,0,0,9561,3
TAMIL NADU,THIRUVALLUR,Tiruvottiyur (M),63862,249446,17,1,12,290,30,102,31,5,29,56,0,1,3,38818,13
TAMIL NADU,THIRUVALLUR,Manali (M),9331,35248,34,1,3,20,10,32,7,3,14,25,0,1,0,8153,3
TAMIL NADU,THIRUVALLUR,Naravarikuppam (TP),5207,20946,14,1,3,40,9,26,16,3,8,16,0,1,4,7311,7
TAMIL NADU,THIRUVALLUR,Puzhal (TP),7477,31665,5,6,2,18,8,21,6,2,6,13,0,0,0,8857,2
TAMIL NADU,THIRUVALLUR,Madavaram (M),29792,119105,32,1,6,161,44,113,31,3,15,72,0,1,0,36118,8
TAMIL NADU,THIRUVALLUR,Chinnasekkadu (TP),3238,12396,15,1,0,0,0,0,1,0,2,4,0,0,1,1840,1
TAMIL NADU,THIRUVALLUR,Theerthagiriyampattu (CT),1404,5412,7,1,0,0,0,0,1,0,0,1,0,0,0,1925,1
TAMIL NADU,THIRUVALLUR,Mathur (CT),6886,27674,30,25,3,12,9,28,8,3,5,13,0,0,0,8838,2
TAMIL NADU,THIRUVALLUR,Kadhirvedu (CT),1883,7580,3,1,0,0,0,0,2,0,4,3,0,0,0,2172,1
TAMIL NADU,THIRUVALLUR,Soorapattu (CT),2409,10444,3,1,1,15,7,19,2,2,6,0,0,1,0,3659,1
TAMIL NADU,THIRUVALLUR,Puthagaram (CT),2550,10263,15,6,0,8,4,8,1,4,1,3,0,0,0,3126,1
TAMIL NADU,CHENNAI,Chennai(M.Corp),1154982,4646732,3338,0,170,6348,1299,4013,1723,124,1329,1977,36,51,73,1768011,819
TAMIL NADU,KANCHEEPURAM,Meenambakkam (TP + OG) ,6015,24334,19,2,2,12,5,16,2,2,16,19,1,1,0,7477,7
TAMIL NADU,KANCHEEPURAM,Pallavaram (M + OG),60954,233984,220,6,8,60,12,38,121,4,55,132,0,10,3,55028,17
TAMIL NADU,KANCHEEPURAM,Mangadu (TP),9438,38188,42,14,3,24,9,30,6,3,10,21,0,3,1,11367,3
TAMIL NADU,KANCHEEPURAM,Kundrathur (TP + OG),13864,54986,42,38,3,40,11,32,15,3,20,16,0,4,2,15433,11
TAMIL NADU,KANCHEEPURAM,Sriperumbudur (TP),6318,24864,42,13,4,45,16,66,10,3,21,19,0,2,1,8473,15
TAMIL NADU,KANCHEEPURAM,Ayyappanthangal (CT),6087,23808,3,4,4,0,0,0,15,0,4,12,0,0,0,4059,7
TAMIL NADU,KANCHEEPURAM,Mevalurkuppam (CT),851,3805,12,1,0,0,0,0,2,0,3,0,0,4,0,992,1
TAMIL NADU,KANCHEEPURAM,Paraniputhur (CT),3801,15225,12,6,0,0,0,0,7,0,10,0,0,0,0,3099,1
TAMIL NADU,KANCHEEPURAM,Mugalivakkam (CT),6432,25117,5,4,3,16,9,28,5,3,10,12,0,0,0,7635,7
TAMIL NADU,KANCHEEPURAM,Sikkarayapuram (CT),2579,10187,12,3,0,0,0,0,1,0,3,0,0,3,0,3209,1
TAMIL NADU,KANCHEEPURAM,Kovur (CT),2841,10961,3,2,1,11,8,21,4,2,8,3,0,1,0,2525,3
TAMIL NADU,KANCHEEPURAM,Gerugambakkam (CT),2898,11551,7,5,1,10,5,12,1,2,4,5,0,0,0,1511,1
TAMIL NADU,KANCHEEPURAM,Manapakkam (CT),3458,13344,4,1,1,10,6,15,2,3,6,1,0,0,0,4535,3
TAMIL NADU,KANCHEEPURAM,Sirukalathur (CT),1281,6117,5,1,0,12,2,6,1,2,4,3,0,1,0,1481,1
TAMIL NADU,KANCHEEPURAM,Molachur (CT),2206,8887,7,4,1,12,3,12,2,2,5,2,0,0,1,2026,3
TAMIL NADU,KANCHEEPURAM,Padappai (CT),3443,14063,12,1,1,12,7,19,13,2,10,8,0,2,1,2230,6
TAMIL NADU,KANCHEEPURAM,Madambakkam (CT),2885,11673,5,30,0,0,0,0,1,0,2,4,0,0,0,3297,1
TAMIL NADU,KANCHEEPURAM,Chitlapakkam (TP),9960,37906,44,1,2,18,8,21,22,2,9,29,0,0,1,11147,8
TAMIL NADU,KANCHEEPURAM,Perungalathur (TP),9584,37342,83,1,2,40,20,55,8,0,5,21,0,1,0,11412,2
TAMIL NADU,KANCHEEPURAM,Tambaram (M),44432,174787,142,1,14,705,129,402,56,9,55,92,1,2,3,47020,30
TAMIL NADU,KANCHEEPURAM,Sembakkam (TP),11668,45356,102,1,3,24,10,29,10,3,7,18,0,4,0,13499,5
TAMIL NADU,KANCHEEPURAM,Peerkankaranai (TP + OG),7488,29250,47,1,3,20,10,37,9,3,15,8,0,3,0,7805,4
TAMIL NADU,KANCHEEPURAM,Madambakkam (TP),8069,31681,29,32,2,18,8,18,8,2,4,17,0,0,0,11254,4
TAMIL NADU,KANCHEEPURAM,Nandambakkam (TP),2930,11239,15,1,1,15,7,19,2,2,2,5,0,0,0,3535,2
TAMIL NADU,KANCHEEPURAM,St.Thomas Mount-cum-Pallavaram (CB),10479,43795,35,7,4,45,12,35,4,1,19,26,0,2,3,13315,13
TAMIL NADU,KANCHEEPURAM,Alandur (M),43411,164430,137,1,14,198,45,107,61,3,39,66,0,2,5,45950,24
TAMIL NADU,KANCHEEPURAM,Anakaputhur (M),12146,48050,43,1,3,20,8,27,11,3,7,24,0,0,3,9586,4
TAMIL NADU,KANCHEEPURAM,Pammal (M),18812,75870,85,1,5,65,20,45,26,0,6,30,0,2,0,20463,5
TAMIL NADU,KANCHEEPURAM,Thiruneermalai (TP),7660,30702,38,1,2,25,6,15,2,2,8,17,0,0,0,8684,3
TAMIL NADU,KANCHEEPURAM,Polichalur (CT),5531,21906,4,10,4,40,9,27,8,3,4,15,0,0,0,10453,3
TAMIL NADU,KANCHEEPURAM,Tirusulam (CT),3502,14086,12,1,1,15,7,19,2,2,3,1,0,0,0,3908,1
TAMIL NADU,KANCHEEPURAM,Moovarasampettai (CT),2457,9672,50,1,2,20,7,22,6,3,4,4,0,0,0,2351,4
TAMIL NADU,KANCHEEPURAM,Puzhithivakkam (Ullagaram) (M),13918,53322,75.234,1,2,18,8,18,14,2,8,17,0,1,1,13356,6
TAMIL NADU,KANCHEEPURAM,Perungudi (TP),11034,43111,45.89,1,2,45,20,45,12,0,2,25,0,0,0,7588,6
TAMIL NADU,KANCHEEPURAM,Pallikaranai (TP),10791,43493,89.51,1,2,15,8,27,8,2,8,26,0,4,0,14634,5
TAMIL NADU,KANCHEEPURAM,Sholinganallur (TP + OG),9185,35602,97.94,1,1,0,0,0,8,0,11,19,0,5,2,11414,17
TAMIL NADU,KANCHEEPURAM,Kottivakkam (CT),5231,20217,25,6,1,0,0,0,5,0,4,15,0,0,0,3681,11
TAMIL NADU,KANCHEEPURAM,Madippakkam (CT),9283,35752,10,3,1,0,0,0,9,0,2,27,0,0,1,12212,7
TAMIL NADU,KANCHEEPURAM,Palavakkam (CT),6807,26766,25,16,1,0,0,0,11,0,3,15,0,0,0,7196,3
TAMIL NADU,KANCHEEPURAM,Neelankarai (CT),7404,28458,40,8,1,0,0,0,8,0,4,9,0,0,0,2077,6
TAMIL NADU,KANCHEEPURAM,Oggiyamduraipakkam (CT),20138,76600,12,7,3,40,11,43,4,3,10,33,2,1,0,19679,5
TAMIL NADU,KANCHEEPURAM,Koilambakkam (CT),7010,27374,5,3,1,0,0,0,5,0,4,10,0,0,0,15225,3
TAMIL NADU,KANCHEEPURAM,Medavakkam (CT),7781,29710,23,1,3,40,9,28,9,3,4,20,2,0,1,8749,9
TAMIL NADU,KANCHEEPURAM,Injambakkam (CT),5355,21158,3,1,2,10,6,15,10,3,7,15,0,0,2,6674,3
TAMIL NADU,KANCHEEPURAM,Jalladiampet (CT),4801,19100,20,6,0,0,0,0,1,0,2,6,0,3,0,2478,2
TAMIL NADU,KANCHEEPURAM,Vengavasal (CT),3578,13671,12,10,0,0,0,0,3,0,4,6,0,0,0,4528,1
TAMIL NADU,KANCHEEPURAM,Nandivaram - Guduvancheri (TP),11252,44098,86,26,3,40,9,27,26,3,44,28,0,0,1,14306,13
TAMIL NADU,KANCHEEPURAM,Maraimalainagar (M),19970,81872,225.95,67,5,20,11,35,17,3,32,22,0,10,1,24274,14
TAMIL NADU,KANCHEEPURAM,Thiruporur (TP),3256,13666,26.769,1,2,40,8,26,7,3,9,15,0,3,1,4414,7
TAMIL NADU,KANCHEEPURAM,Chengalpattu (M),15675,62579,43.93,1,7,106,32,109,15,3,36,33,3,2,3,22468,17
TAMIL NADU,KANCHEEPURAM,Vandalur (CT),4384,16852,7,3,1,10,7,15,3,3,5,16,0,4,0,3186,1
TAMIL NADU,KANCHEEPURAM,Nedungundram (CT),3468,14390,26,10,0,0,0,0,1,0,5,4,0,2,0,1852,1
TAMIL NADU,KANCHEEPURAM,Urapakkam (CT),7367,29122,15,1,1,0,0,0,9,0,0,13,0,0,0,9531,4
TAMIL NADU,KANCHEEPURAM,Muthukadu (CT),1957,7610,12,1,0,0,0,0,1,0,6,3,0,1,0,5400,1
TAMIL NADU,KANCHEEPURAM,Kovalam (CT),1974,8124,9,1,0,0,0,0,2,0,9,2,0,0,0,2562,2
TAMIL NADU,KANCHEEPURAM,Singaperumalkoil (CT),3520,13566,5,25,5,20,10,29,7,3,7,7,0,0,0,4780,6
TAMIL NADU,KANCHEEPURAM,Vallam (CT),1884,7745,12,3,1,10,4,15,2,1,3,0,0,2,0,2133,1
TAMIL NADU,KANCHEEPURAM,Alapakkam (CT),2330,9404,11,8,0,0,0,0,1,0,5,0,0,2,0,2132,1
TAMIL NADU,KANCHEEPURAM,Kancheepuram (M),41807,164384,78.418,8,20,248,130,394,54,6,32,13,3,2,13,39737,29
TAMIL NADU,KANCHEEPURAM,Sevilimedu (TP),5863,23454,40.82,2,1,0,0,0,6,0,8,10,0,0,0,5487,2
TAMIL NADU,KANCHEEPURAM,Walajabad (TP),3590,14684,37.05,25,6,26,9,35,19,3,21,7,0,0,1,6143,5
TAMIL NADU,KANCHEEPURAM,Konerikuppam (CT),2804,11406,20,1,0,0,0,0,1,0,5,0,0,0,0,1120,1
TAMIL NADU,KANCHEEPURAM,Sirukaveripakkam (CT),1931,8032,6,17,1,15,5,20,2,2,2,4,0,0,0,1803,1
TAMIL NADU,KANCHEEPURAM,Nattapettai (CT),4964,19883,10,3,0,0,0,0,1,0,5,3,0,0,0,906,1
TAMIL NADU,KANCHEEPURAM,Ayyampettai (CT),1699,6610,12,2,2,24,7,27,4,3,4,1,0,0,0,1899,4
TAMIL NADU,KANCHEEPURAM,Thenambakkam (CT),3473,13994,10,2,1,14,7,15,1,3,3,4,0,0,0,426,1
TAMIL NADU,KANCHEEPURAM,Orikkai (CT),3183,12638,5,10,1,9,6,15,4,2,11,9,0,0,0,973,3
TAMIL NADU,KANCHEEPURAM,Uthiramerur (TP),6197,25194,58.02,1,4,52,18,41,12,3,27,12,1,2,2,8644,8
TAMIL NADU,KANCHEEPURAM,Mamallapuram (TP),3590,15172,30.913,2,4,35,12,33,6,3,8,34,0,10,0,4598,1
TAMIL NADU,KANCHEEPURAM,Tirukalukundram (TP),7419,29391,39.18,3,4,60,17,41,8,3,18,2,0,3,1,9142,8
TAMIL NADU,KANCHEEPURAM,Pudupattinam (CT),5454,21151,12,2,2,30,7,16,7,2,11,11,0,0,0,3147,4
TAMIL NADU,KANCHEEPURAM,Karunguzhi (TP),3075,12485,18.861,4,2,18,7,19,6,2,11,6,0,0,0,3283,3
TAMIL NADU,KANCHEEPURAM,Maduranthakam (M),7699,30796,45.57,2,4,73,36,47,14,3,32,12,0,3,4,7774,12
TAMIL NADU,KANCHEEPURAM,Acharapakkam (TP),2565,10362,29.688,1,2,42,10,29,6,3,10,6,0,0,1,3383,8
TAMIL NADU,KANCHEEPURAM,Edakalinadu (TP),6734,28172,153.1,62,4,70,16,50,5,3,33,12,0,0,1,8104,6
TAMIL NADU,VELLORE,Gudiyatham (M),21363,91558,52.389,11,10,173,37,144,105,3,48,34,0,2,7,30006,11
TAMIL NADU,VELLORE,Pernampattu (M),10450,51271,33.44,22,6,54,17,53,9,3,25,14,0,0,3,11126,6
TAMIL NADU,VELLORE,Kondasamudram (CT),5265,21335,23,9,1,0,0,0,6,0,13,11,1,1,0,5792,2
TAMIL NADU,VELLORE,Sevur (CT),2635,11356,5,2,0,0,0,0,2,0,7,2,0,0,0,2584,1
TAMIL NADU,VELLORE,Sathkar (CT),1997,8632,7,1,0,0,0,0,2,0,2,3,0,0,1,2229,2
TAMIL NADU,VELLORE,Valathur (CT),1220,5529,6,2,1,15,4,13,3,2,9,2,0,0,0,1246,2
TAMIL NADU,VELLORE,Thiruvalam (TP),2215,9153,5,8,2,24,7,31,4,3,7,8,0,0,6,2593,4
TAMIL NADU,VELLORE,Katpadi (TP),4302,28797,26.52,6,4,44,11,33,7,3,19,11,0,2,0,4786,3
TAMIL NADU,VELLORE,Dharapadavedu (M),9476,38833,57.805,6,3,45,12,33,14,1,18,21,0,1,1,10657,5
TAMIL NADU,VELLORE,Gandhinagar (TP),2133,9114,22.364,1,0,12,2,8,20,2,5,10,1,2,0,3597,10
TAMIL NADU,VELLORE,Kalinjur (TP),4853,19828,10,1,1,16,5,23,6,3,7,7,1,0,0,6864,2
TAMIL NADU,VELLORE,Senur (CT),2144,9078,8,5,2,16,11,27,4,3,9,1,0,0,0,2355,3
TAMIL NADU,VELLORE,Kilvaithinankuppam (CT),1290,5321,16.7,1,2,20,7,21,7,3,10,3,0,0,1,1900,5
TAMIL NADU,VELLORE,Virudampattu (CT),1718,7662,12,3,1,15,5,13,3,2,4,0,0,0,1,1185,1
TAMIL NADU,VELLORE,Kangeyanallur (CT),3817,15177,11,5,0,0,0,0,7,0,7,5,0,3,0,4575,1
TAMIL NADU,VELLORE,Sholingur (TP),7359,30856,8,1,4,80,20,85,11,3,21,8,0,2,2,9613,7
TAMIL NADU,VELLORE,Ammoor (TP),2972,12513,25.66,1,3,24,7,19,3,2,8,4,0,0,0,3153,2
TAMIL NADU,VELLORE,Walajapet (M + OG),11289,47498,33.78,1,4,108,26,92,11,3,13,10,1,2,2,14301,7
TAMIL NADU,VELLORE,Ranipettai (M),11764,50764,52.887,1,4,80,25,66,16,3,8,15,0,0,1,22264,7
TAMIL NADU,VELLORE,Melvisharam (M),8906,44786,12,5,4,62,19,54,15,3,14,4,0,4,0,8307,6
TAMIL NADU,VELLORE,Narasingapuram (CT) ,2869,11454,18,13,0,0,0,0,11,0,4,8,0,0,0,2116,1
TAMIL NADU,VELLORE,Chettithangal (CT),1927,7780,13,9,0,0,0,0,4,0,4,0,0,0,0,1880,5
TAMIL NADU,VELLORE,Vanapadi (CT),1292,5334,15,1,0,0,0,0,5,0,1,1,0,0,0,1542,1
TAMIL NADU,VELLORE,Navlock Garden (CT),5023,20171,30,15,3,15,8,22,3,2,6,4,0,0,1,3644,2
TAMIL NADU,VELLORE,Arakonam (M),19507,78395,54.889,3,14,115,32,138,27,3,41,45,0,3,3,17273,10
TAMIL NADU,VELLORE,Thakkolam (TP),3321,13983,21.52,2,2,20,10,36,4,3,11,8,0,0,0,2175,3
TAMIL NADU,VELLORE,Nemili (TP),2620,10806,12.145,1,2,30,7,20,6,2,8,10,0,0,1,3275,3
TAMIL NADU,VELLORE,Kaveripakkam (TP),3323,14583,18.529,2,2,12,9,27,7,3,11,10,0,0,1,4042,5
TAMIL NADU,VELLORE,Panapakkam (TP),2802,11536,9,4,2,40,9,24,8,3,8,4,0,2,2,3455,3
TAMIL NADU,VELLORE,Sembedu (CT),2999,12548,27,3,1,9,7,20,5,2,9,1,0,0,0,1910,2
TAMIL NADU,VELLORE,Ammanur (CT),1890,7731,24,6,0,0,0,0,1,0,5,0,0,0,1,1764,1
TAMIL NADU,VELLORE,Thirumalpur (CT),1159,4803,3,12,0,10,2,6,1,2,4,0,0,0,0,1286,1
TAMIL NADU,VELLORE,Arcot (M),13605,55955,69.01,9,7,106,15,65,23,3,13,22,0,1,2,20458,9
TAMIL NADU,VELLORE,Vilapakkam (TP),1941,8174,20.06,2,2,24,7,23,3,3,7,6,0,1,0,2525,2
TAMIL NADU,VELLORE,Timiri (TP),3878,16246,25.171,3,2,30,7,23,4,3,11,8,0,0,1,4466,3
TAMIL NADU,VELLORE,Kalavai (TP),2343,9773,17.544,1,4,33,10,37,7,3,10,6,0,2,2,3305,4
TAMIL NADU,VELLORE,Tajpura (CT),1955,8075,15.43,9,0,0,0,0,2,0,6,4,0,0,0,2123,2
TAMIL NADU,VELLORE,Sathuvachari (M),14083,56951,7,70,4,97,26,90,16,9,17,27,0,0,1,15314,10
TAMIL NADU,VELLORE,Shenbakkam (TP),4037,17109,9,4,0,0,0,0,2,0,6,3,0,0,2,5746,1
TAMIL NADU,VELLORE,Vellore (M. Corp),42598,185803,120.62,6,16,241,36,118,248,4,109,50,2,2,18,71452,35
TAMIL NADU,VELLORE,Pallikonda (TP),5388,23067,7,25,3,40,7,34,4,3,20,20,0,0,1,5888,5
TAMIL NADU,VELLORE,Thorapadi (TP),4047,16700,7,9,0,0,0,0,4,0,6,6,3,0,0,3922,2
TAMIL NADU,VELLORE,Allapuram (TP),7597,31211,9.68,14,2,31,9,27,10,3,6,13,1,1,2,7801,4
TAMIL NADU,VELLORE,Pennathur (TP),2261,9425,5,12,3,87,19,71,5,3,9,3,0,2,0,2300,4
TAMIL NADU,VELLORE,Odugathur (TP),2175,8998,5,13,3,52,10,39,6,3,12,7,0,0,0,2477,4
TAMIL NADU,VELLORE,Alamelumangapuram (CT),1903,7900,12,2,2,20,7,26,3,3,4,11,0,0,0,1631,1
TAMIL NADU,VELLORE,Karugampattur (CT),1448,6343,12,5,2,15,5,13,3,2,3,1,0,0,0,880,1
TAMIL NADU,VELLORE,Kilmanavur (CT),1226,5145,12,3,0,0,0,0,2,0,1,0,0,0,0,1191,1
TAMIL NADU,VELLORE,Virinchipuram (CT),1725,7699,12,2,2,9,4,15,3,2,4,4,0,0,0,2032,2
TAMIL NADU,VELLORE,Konavattam (CT),2554,11472,6,2,1,15,7,19,5,2,7,8,0,0,0,3346,1
TAMIL NADU,VELLORE,Virupakshipuram (CT),3666,14779,9,10,0,0,0,0,4,0,7,12,1,0,0,3996,2
TAMIL NADU,VELLORE,Palavansathu (CT),5461,22176,6,13,1,0,0,0,8,0,4,7,0,0,1,8024,4
TAMIL NADU,VELLORE,Ariyur (CT),1730,7251,12,5,1,10,4,9,1,2,6,4,0,0,0,1996,1
TAMIL NADU,VELLORE,Kaniyambadi (CT),2354,9597,12,17,2,43,7,16,3,3,8,6,0,2,1,2679,6
TAMIL NADU,VELLORE,Vaniyambadi (M),20559,95061,77.8,10,9,130,36,125,27,3,56,28,0,6,4,27069,11
TAMIL NADU,VELLORE,Alangayam (TP),4183,18327,18.605,6,3,40,9,28,6,3,21,11,0,0,0,4521,4
TAMIL NADU,VELLORE,Jaffrabad (CT),1601,8121,4,1,0,0,0,0,6,0,2,1,0,0,0,1283,2
TAMIL NADU,VELLORE,Valayambattu (CT),2187,10076,22,10,0,0,0,0,6,0,9,1,0,0,0,2463,1
TAMIL NADU,VELLORE,Devasthanam (CT),1166,4963,5,1,1,0,0,0,1,0,4,1,0,0,0,1307,1
TAMIL NADU,VELLORE,Ambur (M),25009,114608,104.999,1,12,148,19,98,65,3,51,36,0,1,4,28759,13
TAMIL NADU,VELLORE,Uthayendram (TP),3062,13837,13.58,2,0,0,0,0,2,0,12,2,0,0,0,2871,2
TAMIL NADU,VELLORE,Kailasagiri (CT),2001,9421,6,1,0,0,0,0,1,0,8,4,0,0,0,1752,4
TAMIL NADU,VELLORE,Thuthipattu (CT),1983,9143,25,10,0,0,0,0,1,0,4,4,0,0,0,1874,1
TAMIL NADU,VELLORE,Natrampalli (TP),2480,10390,8,16,3,40,9,25,5,3,14,10,0,0,0,2914,4
TAMIL NADU,VELLORE,Jolarpet (M),7140,29662,41.221,1,4,50,11,37,12,3,23,18,0,1,1,9757,4
TAMIL NADU,VELLORE,Tirupathur (M),14084,64125,91.88,1,4,92,25,83,12,3,47,33,1,4,8,21157,12
TAMIL NADU,VELLORE,Damalerimuthur (CT),1272,5250,4,3,0,0,0,0,1,0,4,0,0,0,0,926,2
TAMIL NADU,VELLORE,Pachchal (CT),4029,16789,29.5,13,2,0,0,0,3,0,7,5,0,2,0,5039,3
TAMIL NADU,VELLORE,Periagaram (CT),1227,4916,8,2,0,12,2,6,1,2,4,0,0,0,0,1089,3
TAMIL NADU,VELLORE,Tirupattur (CT),4419,19487,3,1,0,0,0,0,4,0,6,5,0,0,0,4530,2
TAMIL NADU,VELLORE,SuPallipattu (CT),1193,4998,5,5,0,0,0,0,1,0,3,13,0,0,0,1167,1
TAMIL NADU,VELLORE,Kasinayagampatti  (CT),1105,4779,4,2,1,10,5,18,3,2,8,4,0,0,0,1252,2
TAMIL NADU,TIRUVANNAMALAI,Kannamangalam (TP),1696,7399,7,0,1,10,4,15,4,1,6,0,0,0,1,2756,4
TAMIL NADU,TIRUVANNAMALAI,Arani (M),14889,63671,47.5,10,4,89,26,120,31,3,36,25,0,2,6,20845,11
TAMIL NADU,TIRUVANNAMALAI,Sevur (CT),2446,10299,9,0,0,0,0,0,1,0,6,3,0,0,0,3258,1
TAMIL NADU,TIRUVANNAMALAI,Sathiyavijayanagaram (CT),1436,5894,3,0,2,40,7,26,2,3,6,0,0,0,0,2088,2
TAMIL NADU,TIRUVANNAMALAI,Paiyur (CT),1797,7555,3,0,0,0,0,0,1,0,6,4,0,0,0,1878,1
TAMIL NADU,TIRUVANNAMALAI,Mullipattu (CT),1174,4956,4,0,1,10,4,13,1,2,5,3,0,0,0,1375,1
TAMIL NADU,TIRUVANNAMALAI,Devikapuram (CT),2296,9800,10,0,2,40,6,19,3,3,8,4,0,0,0,3030,2
TAMIL NADU,TIRUVANNAMALAI,Tiruvethipuram (M),9162,37802,43.532,15,6,96,26,122,27,3,29,25,1,3,4,11425,12
TAMIL NADU,TIRUVANNAMALAI,Dusi (CT),1384,5577,6,8,0,0,0,0,1,0,2,1,1,0,0,1346,2
TAMIL NADU,TIRUVANNAMALAI,Kilpudupakkam (CT),1698,6912,5,1,0,0,0,0,1,0,2,1,0,0,0,1933,1
TAMIL NADU,TIRUVANNAMALAI,Peranamallur (TP),1450,5801,9.823,1,2,40,7,25,4,3,9,16,0,0,0,2929,3
TAMIL NADU,TIRUVANNAMALAI,Vandavasi (M),7326,31320,39.32,0,4,78,13,44,18,3,24,16,0,3,2,15798,6
TAMIL NADU,TIRUVANNAMALAI,Desur (TP),1163,4597,20.2,0,2,9,7,23,2,3,9,2,0,0,0,1669,3
TAMIL NADU,TIRUVANNAMALAI,Kalambur (TP),3476,14304,20.4,0,3,32,9,28,7,3,11,3,0,0,0,3775,3
TAMIL NADU,TIRUVANNAMALAI,Polur (TP),6706,28123,13.4,7,4,59,19,58,11,3,24,20,0,0,2,7813,9
TAMIL NADU,TIRUVANNAMALAI,Chetpet (TP),4745,19827,17.9,2,3,40,9,29,12,3,14,16,0,2,3,6537,5
TAMIL NADU,TIRUVANNAMALAI,Pudupalayam (TP),2591,11382,15.2,2,2,20,9,27,4,3,9,4,0,1,0,3068,3
TAMIL NADU,TIRUVANNAMALAI,Chengam (TP),6160,26980,22.78,6,4,95,12,38,16,3,9,24,0,0,2,11148,9
TAMIL NADU,TIRUVANNAMALAI,Tiruvannamalai (M),33514,145278,142.417,4,16,392,48,135,151,3,60,48,1,0,12,37666,33
TAMIL NADU,TIRUVANNAMALAI,Kilpennathur (TP),3152,13718,27.47,7,2,40,9,29,5,3,11,1,0,0,0,3542,2
TAMIL NADU,TIRUVANNAMALAI,Vettavalam (TP),3414,15506,16.27,4,2,40,9,23,6,3,18,10,0,0,1,5020,4
TAMIL NADU,TIRUVANNAMALAI,Vengikkal (CT),4472,18244,10,3,0,0,0,0,4,0,3,4,0,0,0,6071,5
TAMIL NADU,VILUPPURAM,Gingee (TP),6259,27045,27.42,7,4,94,17,52,13,3,11,11,0,0,3,7370,8
TAMIL NADU,VILUPPURAM,Ananthapuram (TP),1500,6892,10.143,2,2,24,8,30,5,3,8,3,0,0,2,1903,3
TAMIL NADU,VILUPPURAM,Tindivanam (M),17088,72796,61.04,3,13,101,26,124,4,3,12,42,1,1,5,21093,15
TAMIL NADU,VILUPPURAM,Marakkanam (TP),5286,22034,35,16,4,45,13,39,8,3,13,6,0,0,0,5292,7
TAMIL NADU,VILUPPURAM,Kottakuppam (TP),7048,31726,26.013,12,3,46,14,40,5,3,9,6,0,0,0,6485,2
TAMIL NADU,VILUPPURAM,Vikravandi (TP),2735,12022,17.65,10,2,20,11,27,13,3,8,6,0,3,1,1561,3
TAMIL NADU,VILUPPURAM,Viluppuram (M),22832,96253,53,2,9,142,45,167,64,3,20,63,4,0,5,33757,37
TAMIL NADU,VILUPPURAM,Valavanur (TP),3913,16745,34.185,6,3,58,13,51,9,3,8,5,0,0,0,4990,4
TAMIL NADU,VILUPPURAM,Salamedu (CT),5131,20854,30,10,1,0,0,0,6,0,3,7,0,3,0,6760,4
TAMIL NADU,VILUPPURAM,Manalurpet (TP),1944,8523,10.76,1,2,20,6,23,9,3,6,4,0,0,0,2015,3
TAMIL NADU,VILUPPURAM,Arakandanallur (TP),1247,5713,12.5,4,0,12,2,2,2,2,8,8,1,0,0,1686,3
TAMIL NADU,VILUPPURAM,Tirukkoyilur (TP),6929,30212,17.453,1,4,59,21,64,16,3,8,14,0,1,4,9185,8
TAMIL NADU,VILUPPURAM,Thiruvennainallur (TP),2121,9623,14.16,1,2,12,6,22,6,3,10,3,1,0,0,3162,3
TAMIL NADU,VILUPPURAM,Sankarapuram (TP),3539,15664,8,6,3,52,13,43,6,3,7,6,0,0,2,5432,6
TAMIL NADU,VILUPPURAM,Vadakkanandal (TP),5397,23034,13.697,20,2,30,7,21,10,2,5,15,0,0,1,6735,5
TAMIL NADU,VILUPPURAM,Thiagadurgam (TP),4224,18605,16.609,18,3,40,9,28,11,3,18,11,0,0,1,5006,5
TAMIL NADU,VILUPPURAM,Kallakkurichi (M),12801,52507,17.55,51,4,128,42,163,23,3,26,14,1,1,6,18434,12
TAMIL NADU,VILUPPURAM,Chinnasalem (TP),6181,25106,29.16,1,3,40,9,40,21,3,13,12,0,2,2,7526,16
TAMIL NADU,VILUPPURAM,Ulundurpettai (TP),5346,23734,11.27,23,4,30,19,55,12,3,12,6,0,0,2,7430,7
TAMIL NADU,SALEM,Kolathur (TP),3413,12748,33.15,2,2,20,10,38,12,3,6,8,0,0,1,4086,3
TAMIL NADU,SALEM,Mecheri (TP),6330,25676,19.138,56,3,40,9,29,10,3,13,5,0,0,2,7491,10
TAMIL NADU,SALEM,Veerakkalpudur (TP),4614,16665,30.578,2,0,0,0,0,5,0,9,6,0,0,0,5551,3
TAMIL NADU,SALEM,Mettur (M),14282,52813,84.09,1,4,89,30,194,28,3,9,25,1,0,1,15388,11
TAMIL NADU,SALEM,P.N.Patti (TP),6901,25133,52.645,17,2,15,8,22,4,2,16,4,0,0,1,8178,6
TAMIL NADU,SALEM,Nangavalli (TP),2706,10809,14.432,7,2,21,9,25,5,3,7,4,0,0,1,2490,3
TAMIL NADU,SALEM,Vanavasi (TP),1890,7130,15.22,3,2,20,7,24,4,3,4,4,0,0,1,2549,4
TAMIL NADU,SALEM,Jalakandapuram (TP),4198,16184,20.052,2,3,40,12,46,19,3,9,4,0,0,3,5469,4
TAMIL NADU,SALEM,Avadattur (CT),2595,9869,12,6,0,0,0,0,1,0,6,0,0,0,1,3367,1
TAMIL NADU,SALEM,Doramangalam (CT),1390,5322,5,1,0,0,0,0,1,0,4,1,1,1,1,2226,1
TAMIL NADU,SALEM,Kadayampatti (TP),2857,11390,19.648,12,2,20,10,29,3,3,9,5,0,0,0,2458,5
TAMIL NADU,SALEM,Omalur (TP),4229,16279,17.202,1,3,40,22,84,16,3,8,8,0,0,2,6210,11
TAMIL NADU,SALEM,Karuppur (TP),3707,13967,12.833,2,3,52,9,22,4,3,8,5,1,1,0,4240,4
TAMIL NADU,SALEM,Tharamangalam (TP),7406,30222,58.04,8,3,24,10,30,14,3,24,8,0,0,0,6726,5
TAMIL NADU,SALEM,Kottagoundampatty (CT),1528,7891,11,3,0,0,0,0,1,0,1,3,2,1,0,1632,2
TAMIL NADU,SALEM,Vellakkalpatty (CT),1417,5475,10,2,0,0,0,0,1,0,6,2,0,0,0,1509,2
TAMIL NADU,SALEM,Kurukkupatti (CT),1330,5037,10,2,0,0,0,0,1,0,2,0,0,0,0,608,2
TAMIL NADU,SALEM,Karukkalvadi (CT),3068,12052,20,1,0,0,0,0,1,0,5,0,0,0,2,3235,2
TAMIL NADU,SALEM,Poolampatti (TP),2698,9477,10,15,2,40,10,25,3,3,9,4,0,0,0,3118,9
TAMIL NADU,SALEM,Edappadi (M),14560,54823,77.115,29,5,74,21,63,14,3,18,7,0,0,3,12278,7
TAMIL NADU,SALEM,Konganapuram (TP),2614,9286,16,28,2,24,7,25,6,3,14,7,0,0,0,3182,4
TAMIL NADU,SALEM,Edaganasalai (TP),8631,33245,44.097,30,2,12,7,21,6,2,29,10,0,0,1,11069,5
TAMIL NADU,SALEM,Arasiramani (TP),3970,14834,31.25,4,2,40,9,33,2,3,10,0,0,0,0,5006,3
TAMIL NADU,SALEM,Thevur (TP),2423,8548,22.5,1,2,14,9,37,3,3,8,3,0,0,0,2057,2
TAMIL NADU,SALEM,Sankari (TP),8122,29467,30.32,9,4,78,16,74,26,3,20,13,0,2,3,6210,13
TAMIL NADU,SALEM,Thappakuttai (CT),1872,6986,6,1,0,0,0,0,1,0,6,0,0,0,1,1900,1
TAMIL NADU,SALEM,Naduvaneri (CT),2231,8485,10,1,0,0,0,0,1,0,3,0,0,0,0,1516,2
TAMIL NADU,SALEM,Eranapuram (CT),2509,8871,12,1,1,24,6,27,2,2,13,0,0,0,0,2854,4
TAMIL NADU,SALEM,Kannankurichi (TP),5022,19765,58,33,3,40,9,34,4,3,6,2,0,0,0,6139,4
TAMIL NADU,SALEM,Salem (M Corp.),215747,829267,748.13,1,8,982,107,622,338,10,207,235,6,10,20,256428,94
TAMIL NADU,SALEM,Ilampillai (TP),3057,11797,12.573,8,1,30,7,21,11,2,6,0,0,0,3,3307,6
TAMIL NADU,SALEM,Panaimarathupatti (TP),2468,9368,4,1,2,20,7,27,4,3,6,4,0,0,1,3183,6
TAMIL NADU,SALEM,Mallur (TP),2754,10331,19.552,17,2,32,9,27,6,3,2,4,0,0,0,3268,4
TAMIL NADU,SALEM,Attayampatti (TP),3649,13852,19.421,2,0,0,0,0,2,0,6,8,0,0,2,1967,2
TAMIL NADU,SALEM,Kondappanaickenpatti (CT),1795,6892,12,1,0,0,0,0,1,0,4,6,0,0,0,1764,2
TAMIL NADU,SALEM,Dasanaickenpatti (CT),1568,5857,4,1,0,10,2,6,3,2,6,2,0,0,0,2174,2
TAMIL NADU,SALEM,Mallamooppampatti (CT),2650,10199,15,1,0,0,0,0,1,0,3,6,0,0,0,2406,1
TAMIL NADU,SALEM,Dalavaipatti (CT),1971,7732,8,2,0,0,0,0,1,0,4,0,0,0,0,2441,1
TAMIL NADU,SALEM,Majaragollappatti (CT),1168,4727,10,2,0,0,0,0,1,0,4,0,0,0,0,1586,2
TAMIL NADU,SALEM,Maramangalathupatti (CT),3315,12448,20,1,1,21,7,17,6,2,12,0,0,0,0,2434,2
TAMIL NADU,SALEM,Tirumalaigiri (CT),1014,4107,5,1,0,0,0,0,1,0,2,0,0,0,0,1250,1
TAMIL NADU,SALEM,Selathampatti (CT),1729,6659,20,1,0,0,0,0,2,0,2,0,0,0,0,1916,1
TAMIL NADU,SALEM,Sanniyasigundu (CT),1912,7823,5,1,0,0,0,0,1,0,2,2,0,0,0,1401,1
TAMIL NADU,SALEM,Erumapalayam (CT),2690,10220,8,2,1,30,7,18,3,2,2,1,0,0,0,1625,2
TAMIL NADU,SALEM,Kondalampatti (CT),5345,20318,12,1,3,20,9,28,2,3,6,0,0,2,1,3279,4
TAMIL NADU,SALEM,Puthur Agraharam (CT),2842,11173,7,3,0,0,0,0,1,0,3,1,0,0,0,2664,1
TAMIL NADU,SALEM,Neykkarappatti (CT),3031,12090,3,1,0,0,0,0,1,0,5,5,0,1,0,3596,3
TAMIL NADU,SALEM,Kalparapatti (CT),1414,5046,10,1,0,0,0,0,1,0,3,0,0,1,0,548,3
TAMIL NADU,SALEM,Perumagoundampatti (CT),2114,7796,15,2,1,9,5,17,5,2,8,0,0,0,0,1996,2
TAMIL NADU,SALEM,Vembadithalam (CT),1996,7331,5,3,3,56,11,38,5,3,5,1,0,0,0,2380,2
TAMIL NADU,SALEM,Rajapalayam (CT),1629,5807,6,8,2,12,6,21,6,2,4,11,0,0,0,1650,2
TAMIL NADU,SALEM,Chennagiri (CT),1453,5338,12,1,0,0,0,0,1,0,3,0,0,0,0,1119,1
TAMIL NADU,SALEM,Papparapatti (CT),2482,9592,20,3,1,15,5,20,4,2,6,0,0,0,1,1802,3
TAMIL NADU,SALEM,Yercaud (CT),2652,11582,27,15,3,44,13,48,5,3,4,25,0,0,1,3647,7
TAMIL NADU,SALEM,Belur (TP),2290,8736,13.126,3,2,32,7,25,4,3,12,6,0,0,0,2573,3
TAMIL NADU,SALEM,Vazhapadi (TP),4582,17559,20.742,22,2,20,8,27,11,3,10,5,0,1,4,5417,6
TAMIL NADU,SALEM,Ayothiapattinam (TP),2982,11517,26.14,5,0,0,0,0,5,0,5,1,0,0,0,3066,8
TAMIL NADU,SALEM,Masinaickenpatty (CT),2316,9098,15,1,2,20,6,23,2,3,4,10,0,2,0,2350,1
TAMIL NADU,SALEM,Pethanaickenpalayam (TP),4611,17678,20.37,23,2,48,10,32,7,3,16,3,0,0,0,5576,4
TAMIL NADU,SALEM,Ethapur (TP),2866,10968,12.48,39,3,43,10,39,4,3,5,0,0,1,0,3144,3
TAMIL NADU,SALEM,Attur (M),16371,61793,75.757,2,17,96,35,129,63,3,11,11,0,0,6,21523,20
TAMIL NADU,SALEM,Narasingapuram (M),6230,23084,39.535,25,4,105,13,39,13,3,16,24,0,0,0,7744,3
TAMIL NADU,SALEM,Keeripatti (TP),2584,10208,27.611,15,3,20,10,31,4,3,8,5,0,0,0,2325,2
TAMIL NADU,SALEM,Veeraganur ((TP),3139,11624,24.04,7,2,44,8,23,5,3,15,9,0,0,0,3893,7
TAMIL NADU,SALEM,Thedavur (TP),2241,8230,24.265,5,2,28,6,29,3,3,5,1,0,0,0,2501,3
TAMIL NADU,SALEM,Gangavalli (TP),3124,12015,29.57,19,3,81,14,34,7,3,9,6,0,0,0,4270,6
TAMIL NADU,SALEM,Thammampatti (TP),5756,21503,48.817,23,4,40,9,27,7,3,14,11,0,1,2,10218,7
TAMIL NADU,SALEM,Sentharapatti (TP),3894,14308,14.29,7,3,20,9,29,5,3,6,3,0,0,0,3846,7
TAMIL NADU,NAMAKKAL,Mallasamudram (TP),4895,18007,26.2,10,3,40,9,30,13,3,14,5,0,3,2,6489,7
TAMIL NADU,NAMAKKAL,Kumarapalayam (M),20439,71594,25,41,16,94,20,78,41,3,13,14,1,5,6,24050,11
TAMIL NADU,NAMAKKAL,Padaiveedu (TP),2965,10451,44.15,2,2,20,9,25,3,3,7,4,0,0,0,3373,4
TAMIL NADU,NAMAKKAL,Tiruchengode (M),26508,95335,127.7,0,4,172,30,155,30,3,20,30,0,9,5,33910,16
TAMIL NADU,NAMAKKAL,Alampalayam (TP),5785,20286,25.169,9,1,0,0,0,3,0,8,2,0,1,0,5871,2
TAMIL NADU,NAMAKKAL,Pallipalayam (M),11210,40140,33.86,10,4,56,13,46,13,3,9,16,0,0,4,14147,7
TAMIL NADU,NAMAKKAL,Thathankuttai (CT),6747,24708,20,25,2,15,7,18,9,2,8,0,0,8,5,7032,2
TAMIL NADU,NAMAKKAL,Ellandaikuttai (CT),4600,16160,12,1,2,40,9,30,4,3,8,4,0,0,1,4931,5
TAMIL NADU,NAMAKKAL,Periyamanali (CT),1945,6878,10,10,2,20,7,24,2,3,5,4,0,0,0,2667,1
TAMIL NADU,NAMAKKAL,Pallipalayam Agraharam (CT) ,4625,16479,5,3,0,10,4,8,3,2,9,0,0,0,2,5639,1
TAMIL NADU,NAMAKKAL,Pudupalayam Agraharam (CT),1696,5704,6,3,0,10,2,2,1,2,2,0,0,0,0,2062,1
TAMIL NADU,NAMAKKAL,Vennanthur (TP),3844,14568,22.93,2,3,46,12,36,5,3,5,1,0,1,1,4730,3
TAMIL NADU,NAMAKKAL,Athanur (TP),2666,9827,11.17,5,2,12,7,23,5,3,8,0,0,4,0,3104,2
TAMIL NADU,NAMAKKAL,R.Pudupatti (TP),2105,7478,21.072,10,0,10,3,6,3,2,6,0,0,0,0,3355,5
TAMIL NADU,NAMAKKAL,Namagiripettai (TP),5875,21250,38.18,54,3,40,9,25,9,3,7,2,0,1,1,7514,5
TAMIL NADU,NAMAKKAL,Seerapalli (TP),3344,12403,22.33,18,0,4,4,14,4,4,14,3,0,0,2,3718,4
TAMIL NADU,NAMAKKAL,Pattinam (TP),2412,8912,16.22,10,1,15,5,19,2,2,3,3,0,0,0,2469,4
TAMIL NADU,NAMAKKAL,Rasipuram (M),13104,50244,53.896,15,4,88,30,100,37,3,21,25,0,3,3,18053,16
TAMIL NADU,NAMAKKAL,Pillanallur (TP),3127,11181,28.372,12,2,16,10,28,5,3,9,0,0,0,1,3736,2
TAMIL NADU,NAMAKKAL,Kalappanaickenpatti (TP),3164,10831,38.707,9,2,20,9,26,7,3,11,2,0,0,0,3793,5
TAMIL NADU,NAMAKKAL,Senthamangalam (TP),5484,19750,35.5,2,4,104,16,46,6,3,12,3,0,0,0,6309,3
TAMIL NADU,NAMAKKAL,Namakkal (M),15008,55145,57.66,2,16,92,26,90,47,3,4,9,0,2,10,21179,24
TAMIL NADU,NAMAKKAL,Erumaipatti (TP),2954,12085,30.733,2,3,40,13,38,9,3,9,4,0,1,0,3308,4
TAMIL NADU,NAMAKKAL,Mohanur (TP),3890,14315,40,9,2,20,10,29,12,3,6,0,0,0,2,5187,5
TAMIL NADU,NAMAKKAL,Nallipalayam (CT),1514,5078,20,5,1,12,5,17,3,2,1,4,0,0,0,1595,1
TAMIL NADU,NAMAKKAL,Chinnamudalaipatti (CT),2462,8928,6,5,0,0,0,0,1,0,2,0,0,0,0,2585,1
TAMIL NADU,NAMAKKAL,Kosavampatti (CT),2788,10356,6,2,0,0,0,0,2,0,3,0,0,0,0,3020,1
TAMIL NADU,NAMAKKAL,Periyapatti (CT),3943,15690,5,2,0,0,0,0,4,0,7,17,0,0,0,4673,2
TAMIL NADU,NAMAKKAL,Kondichettipatti (CT),2836,10300,27,6,3,0,0,0,2,0,3,0,0,0,0,3520,2
TAMIL NADU,NAMAKKAL,Paramathi (TP),3353,11986,24,0,2,52,9,26,4,3,11,4,0,0,0,4155,4
TAMIL NADU,NAMAKKAL,Velur (TP),7055,25012,43.435,1,4,66,15,67,3,3,14,9,0,0,2,8026,6
TAMIL NADU,NAMAKKAL,Pothanur (TP),5147,18455,90,17,1,0,0,0,3,0,6,0,1,1,1,5716,3
TAMIL NADU,NAMAKKAL,Venkarai (TP),2702,9330,15,4,2,16,7,24,2,3,6,0,0,0,0,3466,3
TAMIL NADU,NAMAKKAL,Pandamangalam (TP),2071,7259,9,1,1,15,4,15,6,2,4,1,0,0,0,2557,4
TAMIL NADU,ERODE,Sathyamangalam (M),11148,37816,64.051,4,4,58,20,64,28,3,11,22,0,2,3,13480,13
TAMIL NADU,ERODE,Kembainaickenpalayam (TP),3395,11103,9.336,29,1,15,6,15,4,2,8,3,0,0,3,3086,2
TAMIL NADU,ERODE,Ariyappampalayam (TP),4507,15706,26.926,5,1,30,7,15,2,2,14,5,0,0,1,5376,4
TAMIL NADU,ERODE,Bhavanisagar (TP),2134,7710,29.59,1,3,24,6,21,6,3,4,4,0,0,0,2175,1
TAMIL NADU,ERODE,Punjaipuliampatti (M),5480,18967,29.34,1,4,50,15,42,15,3,10,5,0,0,2,7060,8
TAMIL NADU,ERODE,Nerunjipettai (TP),1961,6791,17.684,1,0,10,2,2,2,2,6,5,0,0,0,2425,4
TAMIL NADU,ERODE,Ammapettai (TP),2758,9677,28.227,3,2,20,7,27,4,3,5,1,0,0,0,2924,3
TAMIL NADU,ERODE,Anthiyur (TP),6044,21086,21.365,7,4,42,13,34,16,3,12,4,0,0,2,7421,9
TAMIL NADU,ERODE,Olagadam (TP),2851,9958,41.87,6,2,20,7,25,5,3,15,3,0,0,0,2845,4
TAMIL NADU,ERODE,Athani (TP),2567,8430,27.186,21,3,20,7,28,3,3,5,1,0,0,0,2459,5
TAMIL NADU,ERODE,Jambai (TP),4789,16522,36.323,4,2,20,8,27,3,3,11,1,0,0,0,2444,2
TAMIL NADU,ERODE,Appakudal (TP),3149,10610,34.783,3,2,30,7,19,8,2,8,6,0,0,0,3746,4
TAMIL NADU,ERODE,Bhavani (M),11147,39225,31.42,1,13,61,27,78,33,3,18,10,0,0,2,12340,8
TAMIL NADU,ERODE,Salangapalayam (TP),4668,15609,37.88,8,0,0,0,0,1,0,14,2,1,0,0,4728,2
TAMIL NADU,ERODE,Kuruppanaickenpalayam (CT),2194,7484,11,1,0,0,0,0,2,0,2,7,0,0,0,2262,1
TAMIL NADU,ERODE,Periyakodiveri (TP),3644,12330,28.28,3,1,12,6,21,5,2,9,6,0,0,0,3697,4
TAMIL NADU,ERODE,Vaniputhur (TP),3748,12044,18.433,7,0,0,0,0,4,0,7,4,0,0,0,4510,4
TAMIL NADU,ERODE,Lakkampatti (TP),3454,11716,13.5,20,1,18,8,26,5,2,6,0,1,0,0,4133,2
TAMIL NADU,ERODE,Kasipalayam (G) (TP),2838,9093,28.175,3,3,24,7,31,4,3,11,2,0,0,0,2893,4
TAMIL NADU,ERODE,Gobichettipalayam (M),17064,59523,94.193,5,5,92,23,75,17,3,26,18,0,0,3,21373,22
TAMIL NADU,ERODE,Kuhalur (TP),3628,11753,20.137,3,1,30,7,20,4,2,10,4,0,0,0,3956,2
TAMIL NADU,ERODE,P.Mettupalayam (TP),2823,9109,7,1,1,15,5,19,3,2,10,0,0,0,2,2144,2
TAMIL NADU,ERODE,Elathur (TP),2404,7827,26.47,9,2,18,5,18,3,2,12,2,0,0,0,1535,5
TAMIL NADU,ERODE,Kolappalur (TP),2979,9607,15.23,5,2,27,4,15,4,2,8,3,0,1,1,3288,20
TAMIL NADU,ERODE,Nambiyur (TP),4913,16379,39.15,11,2,40,9,28,8,3,17,14,0,0,1,4046,5
TAMIL NADU,ERODE,Pallapalayam (TP),2164,7263,21.495,9,0,0,0,0,6,0,8,1,0,2,0,1443,2
TAMIL NADU,ERODE,Kanjikoil (TP),3468,11294,24.994,4,1,12,6,15,5,2,3,2,0,0,0,2118,4
TAMIL NADU,ERODE,Nallampatti (TP),1152,3874,19.344,2,0,0,0,0,2,0,4,0,0,0,0,1287,2
TAMIL NADU,ERODE,Pethampalayam (TP),2145,7152,23.609,12,1,10,4,15,2,1,11,0,0,0,0,3225,4
TAMIL NADU,ERODE,Karumandi Chellipalayam (TP),6817,23868,56,4,4,620,96,296,6,3,12,13,1,3,4,9312,9
TAMIL NADU,ERODE,Perundurai (TP),6675,24930,42.976,2,4,72,15,55,6,3,20,1,1,3,0,7795,13
TAMIL NADU,ERODE,Chennimalai (TP),4682,15500,26.962,1,2,40,8,26,11,3,9,4,0,3,1,5535,5
TAMIL NADU,ERODE,Vijayapuri (CT),2160,7222,19.5,10,1,9,5,15,5,2,8,4,0,1,0,1312,2
TAMIL NADU,ERODE,Mukasipidariyur (CT),4362,14143,23,8,1,36,7,19,2,2,10,7,0,0,0,4522,2
TAMIL NADU,ERODE,Ottapparai (CT),2942,9493,25.5,33,1,15,5,20,4,2,8,2,0,0,1,4441,4
TAMIL NADU,ERODE,Suriyampalayam (TP),8153,28585,16,1,2,35,15,40,2,0,14,10,2,2,0,9241,2
TAMIL NADU,ERODE,Chithode (TP),2553,8550,16.695,4,1,15,4,13,8,2,4,5,0,0,1,2495,3
TAMIL NADU,ERODE,Brahmana Periya Agraharam (TP),6539,24798,16,1,1,0,0,0,5,0,7,10,0,0,0,5156,2
TAMIL NADU,ERODE,Periyasemur (M),15198,55282,47.62,40,5,68,19,91,2,1,14,9,1,1,2,17668,5
TAMIL NADU,ERODE,Nasiyanur (TP),3280,10970,18.144,4,2,13,8,24,3,3,7,0,0,0,1,2903,5
TAMIL NADU,ERODE,Veerappanchatiram (M),24216,84453,90.8,0,6,100,21,89,27,1,15,6,2,0,4,30373,11
TAMIL NADU,ERODE,Erode (M.Corp),43184,157101,116.39,1,35,257,30,99,143,4,113,31,3,0,9,63148,80
TAMIL NADU,ERODE,Surampatti (M),11855,41782,49.81,10,3,44,13,41,10,1,6,5,0,0,2,18583,5
TAMIL NADU,ERODE,Kasipalayam  (E) (M),20822,73425,86.64,7,6,111,37,119,17,3,14,29,0,2,0,25039,8
TAMIL NADU,ERODE,Avalpoondurai (TP),3552,11789,58.335,19,2,20,9,26,7,3,11,8,0,0,1,4449,5
TAMIL NADU,ERODE,Modakurichi (TP),3076,9907,27.233,8,2,40,8,27,3,3,12,1,0,0,1,2284,4
TAMIL NADU,ERODE,Pasur (TP),1120,3670,9.12,7,0,0,0,0,1,0,4,1,0,0,0,1326,2
TAMIL NADU,ERODE,Kilampadi (TP),2059,6422,21.935,6,0,12,2,6,2,2,9,0,0,0,0,2306,2
TAMIL NADU,ERODE,Vellottamparappu (TP),2431,7621,18.383,1,1,14,5,16,3,2,11,0,0,0,0,2604,1
TAMIL NADU,ERODE,Vadugapatti (TP),2928,9657,42.408,26,2,20,7,27,2,3,11,0,0,0,0,2470,6
TAMIL NADU,ERODE,Arachalur (TP),3667,12034,43.534,17,2,40,9,22,4,3,10,2,0,2,0,4128,3
TAMIL NADU,ERODE,Sivagiri (TP),5407,17979,45.582,39,3,20,9,24,8,3,16,4,1,0,1,5795,7
TAMIL NADU,ERODE,Unjalur (TP),768,2482,7,1,1,10,3,10,1,2,5,1,0,0,0,1000,4
TAMIL NADU,ERODE,Kollankoil (TP),2833,9196,22.587,7,1,30,5,16,3,2,9,2,0,0,1,3191,2
TAMIL NADU,ERODE,Vengampudur (TP),2381,7443,29.423,3,0,0,0,0,1,0,7,0,0,0,0,2787,2
TAMIL NADU,ERODE,Kodumudi (TP),3946,13225,35.68,1,3,30,11,35,9,3,9,2,0,0,1,4468,8
TAMIL NADU,ERODE,Chennasamudram (TP),2482,8111,28.633,2,3,40,7,27,4,3,12,0,0,0,0,3153,2
TAMIL NADU,ERODE,Mettunasuvanpalayam (CT),5009,17240,29,0,1,0,0,0,7,0,3,1,0,0,0,4365,5
TAMIL NADU,ERODE,Thindal (CT),4256,15440,17,10,2,20,9,28,3,3,3,30,0,3,0,5464,3
TAMIL NADU,THE NILGIRIS,Nelliyalam (M),10729,44590,45,75,4,64,13,48,6,3,20,5,1,0,0,11215,5
TAMIL NADU,THE NILGIRIS,Devarshola (TP),5594,24954,50,46,1,0,0,0,3,0,9,1,0,0,0,4003,5
TAMIL NADU,THE NILGIRIS,Gudalur (M),12101,49535,48.5,6,3,44,20,68,21,3,18,17,1,2,0,4132,21
TAMIL NADU,THE NILGIRIS,O' Valley (TP),5307,21943,70,38,3,26,9,27,10,5,16,3,0,0,0,6154,5
TAMIL NADU,THE NILGIRIS,Sholur (TP),2762,9745,17.45,3,1,20,5,18,4,2,9,1,0,1,0,1313,3
TAMIL NADU,THE NILGIRIS,Naduvattam (TP),2340,8505,17.12,2,2,16,7,27,2,3,12,1,0,0,0,2883,3
TAMIL NADU,THE NILGIRIS,Udhagamandalam (M),23235,88430,142.1,7,5,891,92,113,34,4,10,16,1,2,5,28664,14
TAMIL NADU,THE NILGIRIS,Kotagiri (TP),7860,28207,28,6,4,162,21,93,10,3,27,31,1,1,1,9357,9
TAMIL NADU,THE NILGIRIS,Jagathala (TP),4099,14383,13.7,1,1,15,6,15,2,2,5,1,0,0,0,4494,3
TAMIL NADU,THE NILGIRIS,Wellington (CB),4949,19462,24,1,4,55,11,50,3,3,3,12,0,2,1,5748,1
TAMIL NADU,THE NILGIRIS,Kethi (TP),6397,23229,42.881,13,3,20,10,29,2,3,19,12,0,2,0,6639,7
TAMIL NADU,THE NILGIRIS,Adikaratti (TP),4209,14178,18.5,4,2,28,12,36,2,5,13,1,0,0,0,4778,5
TAMIL NADU,THE NILGIRIS,Coonoor (M),12384,45494,60,9,4,158,46,109,17,3,15,35,0,1,0,17258,23
TAMIL NADU,THE NILGIRIS,Huligal (TP),3727,12960,50,8,1,36,8,21,2,2,18,0,0,0,0,4263,1
TAMIL NADU,THE NILGIRIS,Aravankad (TS) (CT),1235,4438,15,5,3,62,14,39,7,3,7,0,0,0,0,2061,2
TAMIL NADU,THE NILGIRIS,Hubbathala (CT),3271,10852,5,2,1,24,12,29,5,6,5,5,0,0,0,3793,3
TAMIL NADU,THE NILGIRIS,Bikketti (TP),1797,5864,12,8,1,30,5,18,2,2,9,3,0,0,0,2135,2
TAMIL NADU,THE NILGIRIS,Kilkunda (TP),2636,8886,21,2,3,50,9,30,2,3,12,3,0,0,0,3437,6
TAMIL NADU,DINDIGUL,Keeranur (TP),1925,7200,12.37,1,2,40,7,27,6,3,5,1,0,0,0,1993,1
TAMIL NADU,DINDIGUL,Neikkarapatti (TP),3113,11753,13.9,1,2,20,8,23,2,3,5,5,0,0,1,3649,4
TAMIL NADU,DINDIGUL,Palani (M),19015,70467,42.744,1,7,81,25,54,15,3,9,9,0,0,8,27483,13
TAMIL NADU,DINDIGUL,Ayakudi (TP),7314,27156,28.942,1,4,40,12,42,9,3,11,4,0,0,0,7267,5
TAMIL NADU,DINDIGUL,Balasamudram (TP),3802,14179,16.466,2,1,18,8,23,3,5,7,3,0,0,0,3474,2
TAMIL NADU,DINDIGUL,Chinnakalayamputhur (CT),1475,5162,15,1,0,0,0,0,1,0,8,6,0,1,0,877,3
TAMIL NADU,DINDIGUL,Sivagiripatti (CT),4639,17306,15,1,0,0,0,0,1,0,2,12,0,1,0,3046,1
TAMIL NADU,DINDIGUL,Oddanchatram (TP),8046,30064,59.6,1,4,44,17,67,10,3,9,4,0,4,3,11720,10
TAMIL NADU,DINDIGUL,Palayam (TP),3686,15336,24.52,6,2,18,8,21,9,2,10,3,0,0,0,3634,5
TAMIL NADU,DINDIGUL,Vedasandur (TP),3046,11730,16.77,1,3,78,14,41,6,3,7,1,0,0,1,4642,4
TAMIL NADU,DINDIGUL,Eriodu (TP),2195,8890,20.33,1,2,24,8,30,6,3,6,2,0,0,0,2536,4
TAMIL NADU,DINDIGUL,Ayyalur (TP),3824,17100,22.55,1,2,24,10,33,4,3,15,0,0,0,0,3320,3
TAMIL NADU,DINDIGUL,Vadamadurai (TP),4533,18015,35.45,1,3,40,10,30,7,3,11,3,0,0,0,5266,5
TAMIL NADU,DINDIGUL,Natham (TP),5732,23660,24.62,2,4,80,16,49,16,3,18,3,0,0,3,7100,12
TAMIL NADU,DINDIGUL,Sriramapuram (TP),2892,10653,35.034,1,2,36,9,27,3,3,12,6,0,0,0,3666,2
TAMIL NADU,DINDIGUL,Agaram (TP),3984,15610,38.75,1,0,0,0,0,1,0,15,2,0,0,0,4264,4
TAMIL NADU,DINDIGUL,Thadikombu (TP),4777,18838,44.425,1,3,24,10,30,4,3,8,5,0,0,0,5682,2
TAMIL NADU,DINDIGUL,Dindigul (M),53573,207327,181.733,2,4,452,56,228,124,5,19,48,0,0,12,69971,31
TAMIL NADU,DINDIGUL,Kannivadi (TP),2746,10369,15.477,1,2,40,9,25,2,3,12,3,0,0,0,3152,4
TAMIL NADU,DINDIGUL,Silapadi  (CT),4612,17824,8,2,1,12,5,12,4,2,4,2,0,1,0,759,3
TAMIL NADU,DINDIGUL,Chettinaickenpatti (CT),4490,17701,15,1,2,15,5,11,2,2,5,4,0,0,0,4816,3
TAMIL NADU,DINDIGUL,Kurumbapatti (CT),1591,6182,9,1,0,20,2,6,2,2,3,3,0,0,0,436,1
TAMIL NADU,DINDIGUL,Balakrishnapuram (CT),6561,25627,6,1,1,0,0,0,6,0,6,6,0,0,7,4253,4
TAMIL NADU,DINDIGUL,Adiyanuthu (CT),4615,17851,8,1,1,10,4,10,1,2,18,8,0,0,0,3291,3
TAMIL NADU,DINDIGUL,Sithayankottai (TP),3522,13634,21.94,1,2,41,9,27,2,3,10,3,0,0,0,4510,5
TAMIL NADU,DINDIGUL,Chinnalapatti (TP),6981,26285,56.513,1,4,90,14,54,7,3,5,7,0,0,2,9436,3
TAMIL NADU,DINDIGUL,Ayyampalayam (TP),3380,12175,23.5,2,2,12,8,26,3,3,11,2,0,0,1,3294,3
TAMIL NADU,DINDIGUL,Pannaikadu (TP),2493,8731,11.2,1,3,35,16,50,7,3,9,7,0,0,0,2566,3
TAMIL NADU,DINDIGUL,Kodaikanal (M),9442,36501,15.09,51,4,72,21,64,17,6,6,50,1,2,1,17881,10
TAMIL NADU,DINDIGUL,Sevugampatti (TP),3037,11730,18.933,1,3,27,7,14,2,2,4,7,0,0,1,3309,3
TAMIL NADU,DINDIGUL,Ammainaickanur (TP),4983,19257,19.65,1,3,40,9,27,7,3,4,6,0,0,0,3988,3
TAMIL NADU,DINDIGUL,Nilakkottai (TP),5611,22197,25.091,1,5,55,22,61,9,3,6,12,1,0,2,7200,14
TAMIL NADU,DINDIGUL,Pattiveeranpatti (TP),2290,8602,15.126,1,3,55,10,40,5,3,2,1,0,0,0,2979,2
TAMIL NADU,DINDIGUL,Batlagundu (TP),5878,22928,25.83,1,4,74,14,44,20,3,8,13,0,0,3,7882,10
TAMIL NADU,KARUR,Aravakurichi (TP),3562,12412,17.161,7,3,32,12,28,7,3,12,8,0,0,0,4265,4
TAMIL NADU,KARUR,Pallapatti (TP),7426,30624,19.264,9,4,52,14,52,3,3,14,19,0,0,0,9712,7
TAMIL NADU,KARUR,TNPL Pugalur (TP),1628,5556,15.18,13,1,15,5,17,2,2,5,4,0,0,0,1932,7
TAMIL NADU,KARUR,Punjaipugalur (TP),6783,23408,46.35,18,2,30,7,16,6,2,15,5,0,0,0,8277,6
TAMIL NADU,KARUR,Punjai Thottakurichi (TP),2920,10969,25,17,1,11,7,19,3,2,11,1,0,2,0,3852,3
TAMIL NADU,KARUR,Inam Karur (M),18989,67131,72.9,36,6,95,26,72,10,3,20,10,0,1,1,21224,11
TAMIL NADU,KARUR,Karur (M),19344,70980,40.15,29,13,155,39,204,36,3,51,42,1,3,10,30513,35
TAMIL NADU,KARUR,Puliyur (TP),3416,12720,21.22,16,1,15,7,19,7,2,12,11,0,2,0,4423,7
TAMIL NADU,KARUR,Thanthoni (M),14729,53854,69.767,26,2,9,7,23,9,2,15,9,1,0,0,17339,8
TAMIL NADU,KARUR,Uppidamangalam (TP),3189,11292,34.73,12,2,42,8,20,2,3,14,0,0,0,0,3411,2
TAMIL NADU,KARUR,Minampalli-Pachamadevi (CT),2677,9031,7,0,1,15,4,15,2,2,6,8,0,0,0,3253,3
TAMIL NADU,KARUR,Kadaparai (CT),2634,9574,12,3,0,0,0,0,1,0,6,11,0,1,0,2934,1
TAMIL NADU,KARUR,Andankoil  East (CT),5632,19779,5,0,1,0,0,0,1,0,10,13,0,1,0,6605,2
TAMIL NADU,KARUR,Senapiratti (CT),6107,22447,4,0,1,0,0,0,8,0,6,5,0,0,0,6134,2
TAMIL NADU,KARUR,Krishnarayapuram (TP),2946,10792,16.145,7,3,50,13,34,2,3,13,3,0,0,0,3465,5
TAMIL NADU,KARUR,P.J. Cholapuram (TP),2016,7484,22.8,17,0,0,0,0,2,0,13,1,0,0,0,2472,3
TAMIL NADU,KARUR,Kulithalai (M),7374,27910,21.09,13,4,110,22,68,25,3,14,22,1,0,3,9863,14
TAMIL NADU,KARUR,Marudur (TP),2850,10925,30.2,15,0,0,0,0,1,0,13,2,0,0,0,2918,3
TAMIL NADU,KARUR,Nangavaram (TP),4477,17629,22.028,13,2,15,10,22,3,2,13,2,0,0,0,4610,5
TAMIL NADU,TIRUCHIRAPPALLI,Kattuputhur (TP),3076,10933,15.2,10,2,19,9,26,2,3,8,10,0,0,1,3674,4
TAMIL NADU,TIRUCHIRAPPALLI,Thottiyam (TP),3926,14909,15.6,4,3,31,14,45,6,3,12,15,0,0,1,4821,4
TAMIL NADU,TIRUCHIRAPPALLI,Mettupalayam (TP),2153,7681,16.292,7,2,40,7,30,2,3,8,2,0,0,0,2765,3
TAMIL NADU,TIRUCHIRAPPALLI,Thathaiyangarpet (TP),3522,12980,17,13,2,28,10,25,6,3,8,12,0,0,1,4271,4
TAMIL NADU,TIRUCHIRAPPALLI,Musiri (TP),7764,28727,38.62,14,4,50,18,69,19,3,15,18,0,0,1,10651,6
TAMIL NADU,TIRUCHIRAPPALLI,Uppiliapuram (TP),2155,7705,12.82,2,2,40,8,22,6,3,6,5,0,0,0,2092,3
TAMIL NADU,TIRUCHIRAPPALLI,Balakrishnampatti (TP),2481,8635,8,8,1,15,5,15,2,2,8,1,0,0,0,2754,2
TAMIL NADU,TIRUCHIRAPPALLI,Thuraiyur (M),8674,32439,29.145,14,4,86,16,57,39,3,10,27,0,0,1,13051,7
TAMIL NADU,TIRUCHIRAPPALLI,S. Kannanur (TP),3403,13073,20.42,2,1,10,4,15,6,1,7,6,0,0,0,4610,2
TAMIL NADU,TIRUCHIRAPPALLI,Manachanallur (TP),6679,25931,28.6,12,4,38,15,53,8,3,10,12,0,2,1,8610,7
TAMIL NADU,TIRUCHIRAPPALLI,Pichandarkovil (CT),4562,17257,8,2,0,0,0,0,5,0,2,14,0,0,0,6080,5
TAMIL NADU,TIRUCHIRAPPALLI,Kallakudi (TP),3178,11604,9,5,2,24,9,28,6,3,3,11,0,0,0,2550,5
TAMIL NADU,TIRUCHIRAPPALLI,Pullampadi (TP),2628,10241,16.18,1,2,40,9,29,7,3,6,12,0,0,0,3225,4
TAMIL NADU,TIRUCHIRAPPALLI,Puvalur (TP),2083,7905,8,8,1,15,5,13,10,2,7,1,0,0,1,2627,6
TAMIL NADU,TIRUCHIRAPPALLI,Lalgudi (TP),6129,23740,15.67,15,7,80,17,62,13,3,12,25,2,0,2,9222,9
TAMIL NADU,TIRUCHIRAPPALLI,Thalakudi (CT),1499,5740,6,2,1,15,5,13,2,2,4,2,0,0,0,1392,1
TAMIL NADU,TIRUCHIRAPPALLI,Sirugamani (TP),2801,10743,17.8,4,2,27,9,25,7,3,6,4,0,0,0,3696,5
TAMIL NADU,TIRUCHIRAPPALLI,Nagamangalam (CT),1561,5785,13,5,2,20,6,24,3,3,6,2,0,0,0,1377,2
TAMIL NADU,TIRUCHIRAPPALLI,Kulathur (CT),2572,11083,24,1,1,9,6,21,7,2,11,5,0,1,0,3624,1
TAMIL NADU,TIRUCHIRAPPALLI,Tiruchirappalli (M Corp.),214529,847387,834,273,50,1085,85,861,599,13,80,336,4,36,25,224737,43
TAMIL NADU,TIRUCHIRAPPALLI,Koothappar (TP),4250,15943,16.39,10,1,15,7,15,2,2,2,10,0,0,0,3611,3
TAMIL NADU,TIRUCHIRAPPALLI,Thiruverumbur (TP),5846,23156,17.2,14,2,12,6,19,10,2,19,26,0,0,1,7828,4
TAMIL NADU,TIRUCHIRAPPALLI,Thuvakudi  (M),9402,38887,28.1,12,4,44,15,51,9,3,8,19,5,0,0,12800,7
TAMIL NADU,TIRUCHIRAPPALLI,Pappankurichi (CT),6026,24023,20,1,2,30,7,17,11,2,8,11,0,1,0,7797,2
TAMIL NADU,TIRUCHIRAPPALLI,Ellakkudy (CT),4079,16244,25,1,0,0,0,0,1,0,1,4,0,0,0,5487,1
TAMIL NADU,TIRUCHIRAPPALLI,Krishnasamudram (CT),3371,13146,25,1,0,0,0,0,1,0,1,1,0,0,0,3409,1
TAMIL NADU,TIRUCHIRAPPALLI,Valavandankottai (CT),2314,9202,18,12,0,0,0,0,1,0,3,3,0,0,0,3312,2
TAMIL NADU,TIRUCHIRAPPALLI,Navalpattu (CT),4398,16788,20,10,2,52,10,29,4,3,23,10,0,0,0,5331,2
TAMIL NADU,TIRUCHIRAPPALLI,Palaganangudy (CT),3479,13469,18,6,1,15,7,19,5,2,9,6,0,0,0,4166,1
TAMIL NADU,TIRUCHIRAPPALLI,Manapparai (M),9934,40510,45.3,23,4,74,35,142,11,3,9,20,0,1,4,9294,8
TAMIL NADU,TIRUCHIRAPPALLI,Ponnampatti (TP),2686,12167,13.32,5,1,30,7,21,11,2,13,9,0,0,1,3554,3
TAMIL NADU,PERAMBALUR,Poolambadi (TP),3004,10737,22.82,8,3,40,13,29,2,3,7,0,0,0,2,3561,2
TAMIL NADU,PERAMBALUR,Arumbavur (TP),3452,12467,19.908,1,3,40,13,38,2,3,4,10,0,0,0,4156,2
TAMIL NADU,PERAMBALUR,Perambalur (M),12732,49648,90,0,6,63,35,180,11,3,9,20,3,3,4,17572,19
TAMIL NADU,PERAMBALUR,Kurumbalur (TP),3550,12420,23.42,0,3,28,10,38,6,3,9,2,1,0,2,4048,2
TAMIL NADU,PERAMBALUR,Labbaikudikadu (TP),2560,11891,5,8,1,20,8,23,9,3,7,4,0,1,0,3625,5
TAMIL NADU,ARIYALUR,Varadarajanpettai (TP),2049,8259,16.77,1,1,12,5,24,6,2,1,13,0,6,2,2469,3
TAMIL NADU,ARIYALUR,Jayankondam (M),8664,33945,53.11,24,6,107,16,52,16,3,17,15,0,1,0,10351,10
TAMIL NADU,ARIYALUR,Udayarpalayam (TP),3155,12688,14.04,3,3,60,15,53,5,3,7,3,0,0,0,3696,3
TAMIL NADU,ARIYALUR,Ariyalur (M),7319,28902,26,14,7,56,15,48,16,3,7,20,2,0,2,10906,13
TAMIL NADU,CUDDALORE,Thorapadi (TP),1882,7659,18.152,1,1,15,5,17,5,2,7,3,0,0,0,2047,2
TAMIL NADU,CUDDALORE,Melpattampakkam (TP),1603,6887,14.14,5,2,16,7,22,5,3,5,3,0,0,0,1979,2
TAMIL NADU,CUDDALORE,Nellikuppam (M),10763,46678,62.57,1,4,74,24,80,18,3,15,24,0,0,0,8649,6
TAMIL NADU,CUDDALORE,Panruti (M),14170,60323,70.84,8,6,115,26,40,26,3,17,38,0,0,4,19721,14
TAMIL NADU,CUDDALORE,Lakshminarayanapuram (CT),3024,12648,15,5,0,0,0,0,4,0,2,3,0,0,0,2759,1
TAMIL NADU,CUDDALORE,Cuddalore (M),42174,173636,148.71,1,10,231,106,109,27,3,62,61,4,6,4,49400,41
TAMIL NADU,CUDDALORE,Kondur (CT),3099,12506,18,3,0,0,0,0,3,0,1,0,0,0,0,4366,1
TAMIL NADU,CUDDALORE,Gunduuppalavadi (CT),1741,7281,3,0,0,0,0,0,1,0,4,1,0,0,0,2408,1
TAMIL NADU,CUDDALORE,Padirikuppam (CT),4739,18745,11.19,1,1,15,7,19,3,2,4,4,0,0,0,7117,2
TAMIL NADU,CUDDALORE,Kurinjipadi (TP),6757,27471,45.55,5,7,40,16,47,16,3,17,9,0,2,1,10144,5
TAMIL NADU,CUDDALORE,Vadalur (TP),9736,39514,67.346,14,4,80,9,30,16,3,14,12,0,0,1,12437,6
TAMIL NADU,CUDDALORE,Neyveli (TS) (CT),25827,105731,45,1,7,181,76,214,13,5,1,80,1,1,4,25723,10
TAMIL NADU,CUDDALORE,Parangipettai (TP),5561,25541,23.687,27,3,18,8,25,7,2,16,12,0,0,1,7617,5
TAMIL NADU,CUDDALORE,Sethiathoppu (TP),2269,8824,8,3,3,12,8,25,9,3,4,9,0,1,1,2757,7
TAMIL NADU,CUDDALORE,Bhuvanagiri (TP),5400,21956,39.605,1,2,40,9,29,5,3,16,11,0,0,1,6311,4
TAMIL NADU,CUDDALORE,Killai (TP),3359,13608,27.485,3,2,12,9,26,3,3,13,2,0,0,0,4193,2
TAMIL NADU,CUDDALORE,Chidambaram (M),15166,62153,64.12,2,6,96,30,116,37,3,30,19,0,0,3,17222,17
TAMIL NADU,CUDDALORE,Annamalai Nagar (TP),2445,16289,25.22,1,0,0,0,0,1,0,5,3,4,5,0,3193,4
TAMIL NADU,CUDDALORE,Pallippadai (CT),1472,6369,6,18,0,0,0,0,1,0,2,3,0,0,0,2221,1
TAMIL NADU,CUDDALORE,Chidambaram  (Nm) (CT),1415,6039,3,1,0,0,0,0,1,0,4,7,0,0,0,1106,1
TAMIL NADU,CUDDALORE,Usuppur (CT),2141,8221,44,4,0,0,0,0,3,0,1,3,0,0,0,2783,2
TAMIL NADU,CUDDALORE,Srimushnam (TP),3277,13971,26,1,2,20,10,28,11,3,12,6,0,2,0,4036,3
TAMIL NADU,CUDDALORE,Lalpet (TP),3355,16561,19.15,1,1,15,6,17,4,2,3,4,0,0,0,3869,5
TAMIL NADU,CUDDALORE,Kattumannarkoil (TP),6664,27294,41.917,10,3,84,15,57,21,3,24,17,0,0,0,8559,7
TAMIL NADU,CUDDALORE,Mangalampet (TP),2108,9278,13,2,2,20,9,36,12,3,6,5,0,0,0,3071,3
TAMIL NADU,CUDDALORE,Gangaikondan (TP),1620,6434,11,3,0,8,2,6,11,2,12,4,0,0,1,2071,4
TAMIL NADU,CUDDALORE,Virudhachalam (M),18209,73585,72.427,1,6,115,23,78,11,3,27,33,2,0,1,14304,14
TAMIL NADU,CUDDALORE,Periyakurichi (CT),1869,7599,7,6,0,10,2,2,1,2,2,0,0,0,1,2051,1
TAMIL NADU,CUDDALORE,Pennadam (TP),4708,19494,18.43,1,3,40,9,27,20,3,10,13,0,0,1,6980,7
TAMIL NADU,CUDDALORE,Tittakudi (TP),5552,22894,18.43,1,6,70,15,44,16,3,10,14,0,1,1,4629,5
TAMIL NADU,NAGAPATTINAM,Sirkali (M),8756,34927,52.098,1,4,67,30,82,14,3,10,40,0,2,3,11169,7
TAMIL NADU,NAGAPATTINAM,Vaitheeswarankoil (TP),1972,7676,19.495,1,3,40,10,31,6,3,7,5,0,0,1,3399,2
TAMIL NADU,NAGAPATTINAM,Manalmedu (TP),2329,9017,28.178,1,3,31,9,29,5,3,8,2,0,0,0,2379,3
TAMIL NADU,NAGAPATTINAM,Mayiladuthurai (M),21929,85632,110.6,7,12,140,31,127,51,3,24,154,1,3,5,29978,28
TAMIL NADU,NAGAPATTINAM,Kuthalam (TP),4059,16125,29.396,8,3,50,13,38,7,3,13,15,0,0,0,5654,5
TAMIL NADU,NAGAPATTINAM,Tharangambadi (TP),5482,23191,55.012,0,5,63,19,90,4,5,32,16,2,2,0,5530,4
TAMIL NADU,NAGAPATTINAM,Tittacheri (TP),1985,9245,24,1,4,31,8,34,7,3,4,0,0,0,0,2722,4
TAMIL NADU,NAGAPATTINAM,Nagapattinam (M),24688,102905,148.94,1,15,197,72,103,46,4,20,57,0,6,5,32872,23
TAMIL NADU,NAGAPATTINAM,Manjakollai (CT),1199,5040,5,1,1,15,5,17,3,2,2,2,0,0,0,1609,1
TAMIL NADU,NAGAPATTINAM,Poravacheri (CT),1076,4422,3,4,1,11,5,17,1,2,2,1,0,0,0,1149,1
TAMIL NADU,NAGAPATTINAM,Kilvelur (TP),2151,8272,23.86,1,3,28,10,38,3,3,9,5,0,2,0,3298,5
TAMIL NADU,NAGAPATTINAM,Velankanni (TP),2753,11108,16.401,0,4,32,11,41,10,3,2,10,0,0,0,4513,3
TAMIL NADU,NAGAPATTINAM,Thalainayar (TP),3443,12798,36,11,3,50,15,37,7,3,13,2,0,0,0,4378,6
TAMIL NADU,NAGAPATTINAM,Vedaranyam (M),8665,34266,86.26,17,5,80,20,53,26,3,34,31,1,0,2,12488,10
TAMIL NADU,THIRUVARUR,Valangaiman (TP),2948,11754,10.226,1,3,52,13,50,10,3,9,4,0,0,0,3472,6
TAMIL NADU,THIRUVARUR,Kodavasal (TP),3719,14639,22.3,3,3,76,13,62,11,3,12,4,0,0,0,4899,1
TAMIL NADU,THIRUVARUR,Koradacheri (TP),1661,6450,9.811,1,1,12,4,16,8,2,8,6,0,0,0,2699,5
TAMIL NADU,THIRUVARUR,Peralam (TP),1542,6149,8,1,2,20,7,25,6,3,11,5,0,0,1,2423,4
TAMIL NADU,THIRUVARUR,Nannilam (TP),3199,12618,22.96,1,3,62,22,75,7,3,9,5,0,0,0,4292,7
TAMIL NADU,THIRUVARUR,Thiruvarur (M),14997,58301,80.82,1,5,54,16,47,27,3,20,36,4,1,3,20023,29
TAMIL NADU,THIRUVARUR,Needamangalam (TP),2392,9336,10.1,1,4,35,12,48,7,3,8,10,0,0,0,3277,4
TAMIL NADU,THIRUVARUR,Kuthanallur (M),6025,25423,42.04,1,6,110,11,30,11,3,12,20,0,0,0,7283,12
TAMIL NADU,THIRUVARUR,Mannargudi (M),17372,66999,74.78,14,13,234,37,106,49,3,20,59,1,3,2,35418,11
TAMIL NADU,THIRUVARUR,Thiruthuraipoondi (M),6263,24404,22.287,1,6,50,13,39,22,3,9,8,0,0,1,8692,8
TAMIL NADU,THIRUVARUR,Muthupet (TP),5102,21722,43.56,1,3,50,14,42,18,3,15,12,0,0,0,7325,5
TAMIL NADU,THANJAVUR,Thiruppanandal (TP),2587,11169,18.715,2,3,35,13,38,6,3,7,8,0,3,1,6428,5
TAMIL NADU,THANJAVUR,Aduthurai alias Maruthuvakudi (TP),2838,11705,17,8,3,52,15,49,2,3,5,13,0,0,0,3987,10
TAMIL NADU,THANJAVUR,Veppathur (TP),1950,7949,13.862,4,2,10,7,28,2,3,2,5,0,0,0,2424,2
TAMIL NADU,THANJAVUR,Thirupuvanam (TP),3807,14989,21.262,2,4,15,7,19,4,2,6,11,0,0,0,4881,2
TAMIL NADU,THANJAVUR,Thiruvidaimarudur (TP),3643,14786,25.105,1,3,56,14,46,6,3,5,18,0,0,1,4561,5
TAMIL NADU,THANJAVUR,Cholapuram (TP),1632,6803,8,0,1,24,4,13,5,2,6,4,0,0,0,1847,3
TAMIL NADU,THANJAVUR,Thirunageswaram (TP),3940,15082,26.375,4,2,20,9,30,8,3,5,2,0,0,1,5549,3
TAMIL NADU,THANJAVUR,Kumbakonam (M),35509,140156,170.867,0,4,420,58,255,54,4,23,60,2,6,8,47752,48
TAMIL NADU,THANJAVUR,Swamimalai (TP),1878,7289,12.834,1,1,24,5,16,6,2,6,2,0,0,0,2321,3
TAMIL NADU,THANJAVUR,Dharasuram (TP),3931,15326,13.859,1,0,4,4,8,7,2,6,1,0,0,1,5241,3
TAMIL NADU,THANJAVUR,Perumandi (CT),2294,8620,7,12,0,0,0,0,4,0,2,7,0,0,0,3062,1
TAMIL NADU,THANJAVUR,Ullur (CT),2999,11673,6,0,0,0,0,0,4,0,4,6,0,0,0,3921,3
TAMIL NADU,THANJAVUR,Annalagraharam (CT),2902,11129,4,1,1,0,0,0,2,0,0,3,0,0,0,3448,2
TAMIL NADU,THANJAVUR,Natchiarkoil (CT),1873,7505,4,0,2,22,7,23,6,3,5,5,0,0,0,2574,3
TAMIL NADU,THANJAVUR,Papanasam (TP),4360,17548,28.11,4,3,30,13,40,11,3,10,9,0,2,1,6064,5
TAMIL NADU,THANJAVUR,Ayyampettai (TP),4106,16263,17.16,5,3,56,11,40,10,3,8,14,0,0,1,5434,6
TAMIL NADU,THANJAVUR,Melattur (TP),2062,8131,29.61,4,2,40,7,27,4,3,8,5,0,0,0,2568,3
TAMIL NADU,THANJAVUR,Ammapettai (TP),3591,14572,23.225,0,2,40,9,34,11,3,8,15,0,0,1,4974,5
TAMIL NADU,THANJAVUR,Chakkarapalli (CT),1433,6227,9,1,0,0,0,0,2,0,5,1,0,0,0,1784,2
TAMIL NADU,THANJAVUR,Thiruvaiyaru (TP),4199,16164,29.512,0,4,64,15,44,9,3,5,17,1,0,1,4990,5
TAMIL NADU,THANJAVUR,Melathiruppanthuruthi (TP),2240,9074,17.538,1,0,0,0,0,3,0,6,6,0,0,0,2534,4
TAMIL NADU,THANJAVUR,Thirukkattupalli (TP),3304,12972,98.6,52,3,46,14,51,10,3,5,16,0,0,1,4937,6
TAMIL NADU,THANJAVUR,Thanjavur (M),56836,222943,311.457,9,18,1299,79,840,65,3,77,296,3,7,13,80015,60
TAMIL NADU,THANJAVUR,Vallam (TP),3840,16758,14.185,10,2,26,11,29,9,3,8,14,0,7,0,4255,6
TAMIL NADU,THANJAVUR,Pudupattinam (CT),2573,10210,40,20,0,0,0,0,1,0,2,3,0,0,0,3418,1
TAMIL NADU,THANJAVUR,Nanjikottai (CT),8433,32689,7,5,0,0,0,0,15,0,5,14,0,1,1,8668,3
TAMIL NADU,THANJAVUR,Neelagiri (CT),4196,16197,19,12,1,24,8,21,6,2,4,8,0,0,0,4258,16
TAMIL NADU,THANJAVUR,Vilar (CT),2170,9028,4,2,0,0,0,0,1,0,2,7,0,1,0,3162,2
TAMIL NADU,THANJAVUR,Orathanadu (Mukthambalpuram) (TP),2633,10247,11.41,1,4,68,24,58,2,3,9,15,2,0,1,3976,5
TAMIL NADU,THANJAVUR,Madukkur (TP),4007,16266,10.5,19,2,40,9,26,13,3,10,8,0,0,1,5287,8
TAMIL NADU,THANJAVUR,Pattukkottai (M),18437,73135,68.937,15,11,218,35,80,62,3,29,37,0,3,6,22992,16
TAMIL NADU,THANJAVUR,Adiramapattinam (TP),6569,31066,15.225,9,4,81,20,52,6,3,13,15,2,1,0,6286,8
TAMIL NADU,THANJAVUR,Peravurani (TP),5853,22084,61.14,4,8,42,13,65,20,3,11,10,0,2,2,6874,9
TAMIL NADU,THANJAVUR,Perumagalur (TP),1536,5604,26.909,20,2,20,7,21,3,3,9,0,0,0,0,1527,2
TAMIL NADU,PUDUKKOTTAI,Iluppur (TP),3205,14127,15.2,5,3,50,12,48,2,3,12,5,0,3,0,4603,4
TAMIL NADU,PUDUKKOTTAI,Annavasal (TP),2050,8906,12,2,4,50,17,41,10,3,6,5,0,0,0,2514,4
TAMIL NADU,PUDUKKOTTAI,Viralimalai (CT),2759,10883,5,2,2,40,9,27,5,3,6,9,0,0,0,3271,5
TAMIL NADU,PUDUKKOTTAI,Keeranur (TP),2840,11667,9,2,3,90,16,53,8,3,12,8,0,1,2,3811,5
TAMIL NADU,PUDUKKOTTAI,Pudukkottai (M),28838,117630,171.73,10,14,452,51,316,59,3,78,61,0,1,4,41980,23
TAMIL NADU,PUDUKKOTTAI,Nathampannai (CT),2261,8915,9,9,0,0,0,0,4,0,10,0,0,0,1,2893,4
TAMIL NADU,PUDUKKOTTAI,Pudukkottai (CT),6560,26116,10,5,3,0,0,0,22,0,14,6,2,0,3,7190,7
TAMIL NADU,PUDUKKOTTAI,Arimalam (TP),2184,8948,19.024,5,4,74,11,44,5,3,8,3,0,0,0,2847,4
TAMIL NADU,PUDUKKOTTAI,Ponnamaravathi (TP),3380,12676,18.1,10,6,64,13,56,23,3,6,4,0,0,0,5266,9
TAMIL NADU,PUDUKKOTTAI,Alangudi (TP),3064,12367,18.69,2,3,92,18,66,13,3,6,0,0,0,1,5889,7
TAMIL NADU,PUDUKKOTTAI,Keeramangalam (TP),2402,9357,29.676,0,2,40,7,26,3,3,12,3,0,0,1,3676,4
TAMIL NADU,PUDUKKOTTAI,Kallangudy (CT),1589,6396,10.06,0,0,0,0,0,1,0,2,0,0,1,0,2510,1
TAMIL NADU,PUDUKKOTTAI,Karambakkudi (TP),3352,14626,29.94,0,3,38,12,37,22,3,8,6,0,0,1,4501,8
TAMIL NADU,PUDUKKOTTAI,Aranthangi (M),10130,40814,50.59,10,4,150,32,113,34,3,23,25,1,0,2,13505,8
TAMIL NADU,PUDUKKOTTAI,Ammapattinam (CT),1394,6652,4,1,2,28,10,28,2,3,2,0,0,0,0,1437,1
TAMIL NADU,PUDUKKOTTAI,Keelamanjakudi (CT),1386,6274,5,1,0,0,0,0,1,0,2,0,0,0,0,1179,1
TAMIL NADU,SIVAGANGA,Nerkuppai (TP),1830,7165,18.7,10,2,32,8,26,2,3,10,1,0,0,0,2181,3
TAMIL NADU,SIVAGANGA,Singampuneri (TP),4442,18143,31,1,4,60,12,37,7,3,12,10,0,0,2,5696,9
TAMIL NADU,SIVAGANGA,Tirupathur (TP),6431,25980,20,1,4,100,18,72,10,3,24,15,2,2,1,7443,9
TAMIL NADU,SIVAGANGA,Kanadukathan (TP),1362,5275,24.98,1,3,30,9,43,4,3,14,9,0,0,0,1970,2
TAMIL NADU,SIVAGANGA,Pallathur (TP),2400,9580,32.05,1,4,66,14,53,5,3,18,1,0,1,0,2712,3
TAMIL NADU,SIVAGANGA,Kottaiyur (TP),3803,14766,78.78,1,2,16,9,27,2,3,10,4,0,0,0,5087,2
TAMIL NADU,SIVAGANGA,Kandanur (TP),1959,7696,21.5,1,4,31,9,33,4,3,3,0,0,0,0,2413,2
TAMIL NADU,SIVAGANGA,Puduvayal (TP),2691,11284,50.05,1,2,40,9,27,10,3,3,9,0,0,1,3891,5
TAMIL NADU,SIVAGANGA,Karaikkudi (M),27504,106714,171,1,13,255,30,57,44,3,30,23,3,2,6,40260,31
TAMIL NADU,SIVAGANGA,Sankarapuram (CT),6854,26536,5,3,2,0,0,0,2,0,10,11,3,1,0,7718,3
TAMIL NADU,SIVAGANGA,Devakottai (M),13192,51865,55.32,42,10,226,30,216,21,3,43,22,0,4,3,19954,19
TAMIL NADU,SIVAGANGA,Nattarasankottai (TP),1554,5860,18,1,3,40,7,26,3,3,8,2,0,0,0,1962,3
TAMIL NADU,SIVAGANGA,Sivaganga (M),10184,40403,53,1,13,78,44,166,12,3,43,25,2,0,3,14304,21
TAMIL NADU,SIVAGANGA,Thirupuvanam (TP),6240,24554,20.398,1,10,40,12,45,12,3,19,18,0,0,0,7589,7
TAMIL NADU,SIVAGANGA,Manamadurai (TP),8032,32257,10,2,6,58,26,76,11,3,55,19,0,1,2,11064,5
TAMIL NADU,SIVAGANGA,Ilayangudi (TP),5947,24767,29.41,1,5,58,16,57,7,3,25,18,0,0,0,7320,5
TAMIL NADU,MADURAI,A.Vellalapatti (TP),1981,8325,13,1,2,20,7,24,2,3,7,1,0,0,0,2252,2
TAMIL NADU,MADURAI,Melur (M),9872,40017,44.55,1,7,132,29,126,26,3,26,35,1,0,4,14482,9
TAMIL NADU,MADURAI,Anaiyur (M),16351,63917,97,1,7,89,22,67,12,5,8,21,0,0,1,18494,5
TAMIL NADU,MADURAI,Paravai (TP),5213,20042,25.123,3,3,15,6,16,11,2,11,2,1,0,0,6310,3
TAMIL NADU,MADURAI,Vilangudi (TP),8081,30884,19.55,1,3,18,8,22,5,2,13,1,0,0,0,10120,5
TAMIL NADU,MADURAI,Arumbanur (CT),1549,6148,11.5,1,0,0,0,0,1,0,3,1,0,0,0,1760,6
TAMIL NADU,MADURAI,Samayanallur (CT),2440,9227,5,1,2,20,7,28,4,3,5,7,0,0,0,4414,2
TAMIL NADU,MADURAI,Thiruppalai (CT),4689,19305,3,2,0,0,0,0,6,0,5,16,2,0,0,5491,2
TAMIL NADU,MADURAI,Narasingam (CT),1538,5971,8,1,1,15,5,18,11,2,3,2,0,0,0,1366,2
TAMIL NADU,MADURAI,Kannanendal (CT),7544,31095,20,1,0,0,0,0,5,0,3,14,0,1,0,2084,2
TAMIL NADU,MADURAI,Nagavakulam (CT),5906,23284,9,1,1,15,7,20,2,2,3,7,1,0,0,1318,2
TAMIL NADU,MADURAI,Othakadai (CT),3944,15152,10,1,2,12,9,29,11,3,7,16,0,0,0,4248,4
TAMIL NADU,MADURAI,Melamadai (CT),11006,43797,8,1,2,18,8,22,16,2,13,23,0,3,3,12073,6
TAMIL NADU,MADURAI,Vandiyur (CT),7311,28646,12,1,4,15,7,15,14,2,6,9,0,0,2,7509,2
TAMIL NADU,MADURAI,Sakkimangalam (CT),2576,10854,12,1,2,20,9,27,4,3,3,0,0,0,0,3045,3
TAMIL NADU,MADURAI,Vadipatti (TP),6788,26830,13.769,13,7,51,13,49,13,3,21,14,0,2,1,8161,12
TAMIL NADU,MADURAI,Palamedu (TP),2730,10493,9.486,3,2,28,9,28,5,3,6,6,0,0,0,3680,4
TAMIL NADU,MADURAI,Sholavandan (TP),5936,22578,15.168,1,5,51,13,42,7,3,14,13,0,0,1,6470,8
TAMIL NADU,MADURAI,Alanganallur (TP),3171,12331,17.89,2,2,73,12,28,12,3,10,0,0,0,0,3671,8
TAMIL NADU,MADURAI,Usilampatti (M),9101,35219,24.017,3,6,167,24,70,15,3,26,15,1,0,3,11774,12
TAMIL NADU,MADURAI,Elumalai (TP),4224,15746,11.65,6,2,40,9,30,7,3,11,8,0,0,2,5087,4
TAMIL NADU,MADURAI,T.Kallupatti (TP),2774,10762,17.718,4,2,40,10,31,6,3,8,9,0,0,1,3428,4
TAMIL NADU,MADURAI,Peraiyur (TP),2796,10394,16.61,9,3,53,12,36,13,3,8,3,0,0,0,4128,11
TAMIL NADU,MADURAI,Thirumangalam (M),13564,51194,50.869,1,4,215,40,139,26,3,22,58,2,0,3,18849,7
TAMIL NADU,MADURAI,Madurai (M Corp.),266449,1017865,760.97,1,22,2413,287,1170,621,14,384,464,14,36,54,318270,172
TAMIL NADU,MADURAI,Thirunagar (TP),4418,16598,10,1,1,15,7,21,47,2,12,32,1,1,3,5606,10
TAMIL NADU,MADURAI,Avaniapuram (M),23051,89635,164.506,10,3,14,7,23,16,2,9,30,1,0,0,25626,7
TAMIL NADU,MADURAI,Thiruparankundram (M + OG),13231,50004,24.672,1,4,36,15,48,9,3,23,30,2,1,1,16838,8
TAMIL NADU,MADURAI,Harveypatti (TP),2517,9016,5,1,1,13,5,19,3,2,3,4,0,0,0,2266,4
TAMIL NADU,MADURAI,Nagamalaipudukottai (CT),4225,15769,21,4,2,16,9,23,5,3,2,8,0,0,0,5193,5
TAMIL NADU,MADURAI,Karadipatti (CT),1875,7289,23,18,0,0,0,0,1,0,2,4,0,0,0,3136,3
TAMIL NADU,MADURAI,Vilacheri (CT),2089,7787,3,4,1,18,4,13,3,2,2,0,0,0,0,2662,1
TAMIL NADU,MADURAI,Iravadanallur (CT),1869,7423,5,1,0,0,0,0,3,0,1,0,0,0,0,1301,1
TAMIL NADU,MADURAI,Viraganur (CT),1826,7121,10,2,1,10,3,10,1,2,4,5,2,2,0,1163,4
TAMIL NADU,MADURAI,Chinna Anuppanadi (CT),6565,26158,20.63,1,2,10,7,15,2,3,1,7,0,0,0,2903,3
TAMIL NADU,MADURAI,Thanakkankulam (CT),3799,14328,10,5,2,40,9,27,2,3,5,6,0,0,0,3453,7
TAMIL NADU,MADURAI,Silaiman (CT),1681,6436,12,1,0,0,0,0,2,0,4,2,0,0,0,734,2
TAMIL NADU,MADURAI,Samanatham (CT),1200,4477,55,10,0,0,0,0,1,0,4,3,0,1,0,1518,3
TAMIL NADU,MADURAI,Nilaiyur  (I Bit) (CT),3971,14684,12,1,2,16,9,29,3,3,4,4,0,0,0,4224,2
TAMIL NADU,THENI,Boothipuram (TP),3145,11022,15.34,5,1,30,7,30,2,2,6,1,0,0,0,3078,3
TAMIL NADU,THENI,Bodinayakanur (M),20333,75675,61.27,8,8,105,23,88,26,3,39,24,0,0,4,23655,12
TAMIL NADU,THENI,Melachokkanathapuram (TP),4051,15625,72.26,13,0,0,0,0,1,0,11,0,0,0,4,3931,3
TAMIL NADU,THENI,B. Meenakshipuram (TP),2185,7846,18.85,4,0,0,0,0,1,0,13,1,0,0,2,1862,3
TAMIL NADU,THENI,Ganguvarpatti (TP),3075,11942,12.5,5,2,20,9,40,5,3,3,1,0,0,1,3851,2
TAMIL NADU,THENI,Devadanapatti (TP),5010,19285,12,3,3,72,9,27,8,3,10,3,0,0,1,5579,2
TAMIL NADU,THENI,Vadugapatti (TP),3391,13204,14.26,2,1,30,7,18,5,2,7,8,0,0,1,4360,4
TAMIL NADU,THENI,Thamaraikulam (TP),3143,12372,20,3,0,0,0,0,8,0,8,1,0,1,1,3415,2
TAMIL NADU,THENI,Periyakulam (M),11401,42976,33.85,7,5,284,45,249,21,3,30,24,0,1,3,14510,9
TAMIL NADU,THENI,Thenkarai (TP),3773,14838,12.25,3,1,15,7,15,5,2,13,5,0,0,4,3543,4
TAMIL NADU,THENI,Theni Allinagaram (M),25371,94453,42.3,20,7,108,32,196,46,3,33,22,0,0,2,32091,28
TAMIL NADU,THENI,Palani Chettipatti (TP),4099,14879,20,8,1,18,7,21,5,2,1,4,0,0,1,5079,3
TAMIL NADU,THENI,Veerapandi (TP),4358,16158,23,49,2,31,11,34,2,3,21,17,0,1,1,5556,4
TAMIL NADU,THENI,Thevaram (TP),4225,16079,19.9,10,2,20,10,33,8,3,17,7,0,0,0,4679,7
TAMIL NADU,THENI,Kuchanur (TP),1925,7024,11.55,4,2,20,6,21,4,3,6,1,0,0,0,2218,2
TAMIL NADU,THENI,Markayankottai (TP),1788,6135,16,5,1,15,5,13,3,2,3,2,0,0,0,1939,2
TAMIL NADU,THENI,Pannaipuram (TP),2311,9323,11.76,3,1,15,5,19,4,2,7,2,0,0,0,2305,4
TAMIL NADU,THENI,Kombai (TP),4338,15960,10.71,2,2,20,10,33,3,3,14,7,0,0,0,4606,3
TAMIL NADU,THENI,Chinnamanur (M),11545,42305,31.05,5,4,72,17,71,10,3,16,17,0,0,2,14241,8
TAMIL NADU,THENI,Odaipatti (TP),4225,13892,12.2,4,2,40,9,30,3,3,18,6,0,0,0,4669,6
TAMIL NADU,THENI,Uthamapalayam (TP),7508,29050,21,6,4,88,16,71,8,3,34,15,0,1,1,8215,7
TAMIL NADU,THENI,Hanumanthampatti (TP),2863,10619,20,6,1,15,7,19,4,2,3,4,0,0,0,2974,3
TAMIL NADU,THENI,Pudupatti (TP),3249,11511,19,6,2,20,10,32,7,3,6,4,0,0,0,3524,5
TAMIL NADU,THENI,Kamayagoundanpatti (TP),4725,16134,17.45,5,2,28,9,28,9,3,12,4,0,0,0,5159,3
TAMIL NADU,THENI,Kambam (M),18567,68090,56.42,7,9,120,32,107,30,3,16,32,1,2,5,23159,12
TAMIL NADU,THENI,Gudalur (M),12001,41915,40.92,4,4,54,14,83,15,3,21,6,0,1,2,12257,6
TAMIL NADU,THENI,Highways (TP),1276,4882,35,3,1,11,4,14,2,2,8,2,0,0,2,1538,2
TAMIL NADU,THENI,Andipatti Jakkampatti (TP),7512,27287,46,2,4,52,14,40,19,3,22,12,1,3,2,9528,6
TAMIL NADU,VIRUDHUNAGAR,Rajapalayam (M),37797,130442,117.8,21,15,123,17,104,67,3,10,97,0,4,7,41502,21
TAMIL NADU,VIRUDHUNAGAR,Seithur (TP),5807,20228,28.77,1,3,12,8,24,7,3,6,7,0,0,1,5280,3
TAMIL NADU,VIRUDHUNAGAR,Chettiarpatti (TP),5002,17520,30.07,1,2,15,7,19,6,2,1,8,0,0,1,6298,4
TAMIL NADU,VIRUDHUNAGAR,Samusigapuram (CT) ,4329,14601,8,1,1,15,6,15,2,2,11,3,0,0,0,4781,3
TAMIL NADU,VIRUDHUNAGAR,Ramalingapuram (CT),1391,4505,3,1,1,0,0,0,1,0,0,1,0,0,0,1151,1
TAMIL NADU,VIRUDHUNAGAR,Dhalavoipuram (CT),1543,5474,3,1,1,15,4,9,2,2,1,8,0,0,0,2069,3
TAMIL NADU,VIRUDHUNAGAR,S.Kodikulam (TP),3488,12713,18,1,1,15,7,19,4,2,17,3,0,0,0,4067,2
TAMIL NADU,VIRUDHUNAGAR,Vathirairuppu (TP),4634,16784,18,1,1,0,1,3,3,0,4,14,0,0,1,5423,5
TAMIL NADU,VIRUDHUNAGAR,V.Pudupatti (TP),2411,8316,12,1,1,9,6,25,4,2,5,0,0,0,0,2811,2
TAMIL NADU,VIRUDHUNAGAR,Sundarapandiam (TP),2562,8513,9,3,0,0,0,0,1,0,4,5,0,0,0,3003,5
TAMIL NADU,VIRUDHUNAGAR,Srivilliputhur (M),21411,75396,54.156,1,11,146,28,68,13,3,16,56,0,0,3,23723,13
TAMIL NADU,VIRUDHUNAGAR,Mamsapuram (TP),5388,18635,8,1,3,10,10,30,9,3,2,22,0,1,2,6041,4
TAMIL NADU,VIRUDHUNAGAR,Padikkasu vaithanpatti (CT),2807,9538,9,1,0,0,0,0,2,0,4,3,0,0,0,2801,3
TAMIL NADU,VIRUDHUNAGAR,Thiruthangal (M),15424,55362,76.488,1,8,86,15,56,24,3,20,23,0,0,1,17877,7
TAMIL NADU,VIRUDHUNAGAR,Sivakasi (M),18952,71040,76.88,1,15,100,23,74,52,3,5,16,0,4,4,25396,21
TAMIL NADU,VIRUDHUNAGAR,Sengamalanachiarpatti (CT),3614,13811,12,1,0,0,0,0,1,0,3,1,0,0,0,3698,2
TAMIL NADU,VIRUDHUNAGAR,Pallapatti (CT),7831,27925,3,1,2,15,7,19,10,2,4,1,0,0,1,8811,2
TAMIL NADU,VIRUDHUNAGAR,Naranapuram (CT),3303,11665,14,1,2,28,9,26,2,3,8,4,0,0,0,3781,1
TAMIL NADU,VIRUDHUNAGAR,Anaiyur (CT),6884,24436,17,1,2,0,0,0,5,0,8,5,0,0,0,8077,3
TAMIL NADU,VIRUDHUNAGAR,Sithurajapuram (CT),4728,16860,16.5,1,1,45,7,19,6,2,1,3,0,0,0,5437,4
TAMIL NADU,VIRUDHUNAGAR,Viswanatham (CT),7134,25555,15,21,0,0,0,0,4,0,8,12,0,0,0,6845,4
TAMIL NADU,VIRUDHUNAGAR,Anuppankulam (CT),3679,13526,6,10,1,15,7,19,2,2,12,3,0,0,0,3532,2
TAMIL NADU,VIRUDHUNAGAR,Alangulam (CT),1364,4930,8,1,1,8,6,17,4,2,9,5,0,2,0,1696,5
TAMIL NADU,VIRUDHUNAGAR,Virudhunagar (M),19841,72296,98.12,1,13,376,51,217,15,3,24,66,0,4,3,27124,36
TAMIL NADU,VIRUDHUNAGAR,Sivagnanapuram (CT),2606,10107,7,1,0,0,0,0,1,0,2,0,0,0,0,2144,1
TAMIL NADU,VIRUDHUNAGAR,Chathirareddipatti (CT),1501,5360,12,1,1,15,5,17,2,2,4,1,0,0,0,1472,3
TAMIL NADU,VIRUDHUNAGAR,Pavali (CT),2009,7622,5,3,0,0,0,0,1,0,4,0,0,0,0,2163,1
TAMIL NADU,VIRUDHUNAGAR,Amathur (CT),1279,4708,5,1,2,12,8,26,1,3,5,0,0,0,0,1291,3
TAMIL NADU,VIRUDHUNAGAR,Rosalpatti (CT),5993,22524,24,1,0,0,0,0,2,0,3,2,2,0,0,6158,2
TAMIL NADU,VIRUDHUNAGAR,Kooraikundu (CT),6113,22361,50,25,0,0,0,0,1,0,3,5,0,0,0,2544,4
TAMIL NADU,VIRUDHUNAGAR,Vadi (CT),1325,4937,9,1,0,0,0,0,1,0,2,2,0,0,0,1537,2
TAMIL NADU,VIRUDHUNAGAR,Kariapatti (TP),4881,18191,25.447,1,4,40,15,49,10,3,6,8,0,0,1,5242,3
TAMIL NADU,VIRUDHUNAGAR,Mallankinaru (TP),3308,12986,9,1,2,40,9,29,2,3,9,6,0,0,0,3130,3
TAMIL NADU,VIRUDHUNAGAR,Aruppukkottai (M),23803,87722,104.56,1,27,316,42,183,34,3,9,64,0,4,4,30809,14
TAMIL NADU,VIRUDHUNAGAR,Kullursandai (CT),1475,5383,3,3,1,15,5,17,3,2,0,4,0,0,0,1394,2
TAMIL NADU,VIRUDHUNAGAR,Palayampatti (CT),5102,18576,7,2,1,15,7,19,3,2,5,1,0,0,0,5792,3
TAMIL NADU,VIRUDHUNAGAR,Soolakkarai (CT),1269,4990,12,1,0,0,0,0,1,0,8,1,0,0,0,1326,2
TAMIL NADU,VIRUDHUNAGAR,Athipatti (CT),2211,8384,3,3,0,0,0,0,3,0,1,3,0,0,0,2102,1
TAMIL NADU,VIRUDHUNAGAR,Sattur (M),8093,29398,30.413,1,5,70,21,53,5,3,4,33,0,1,1,5517,10
TAMIL NADU,VIRUDHUNAGAR,Mettamalai (CT),1476,5175,5,1,0,0,0,0,1,0,4,6,0,1,0,1615,2
TAMIL NADU,VIRUDHUNAGAR,Venkatachalapuram (CT),2594,9540,3,2,0,0,0,0,1,0,2,3,0,0,0,2431,2
TAMIL NADU,VIRUDHUNAGAR,Padandal (CT),2374,8429,15,1,0,0,0,0,1,0,4,0,0,0,0,2496,2
TAMIL NADU,VIRUDHUNAGAR,Chatrapatti (CT),1984,6948,4,1,3,20,7,25,2,3,3,0,0,0,1,1593,1
TAMIL NADU,VIRUDHUNAGAR,Elayirampannai (CT),2026,6814,8,1,2,24,7,24,7,3,4,5,0,0,0,2012,6
TAMIL NADU,RAMANATHAPURAM,Thondi (TP),3859,18465,20.665,6,3,40,9,30,2,3,10,4,0,0,0,5206,6
TAMIL NADU,RAMANATHAPURAM,R.S.Mangalam (TP),3481,14565,21.546,3,2,14,9,28,7,3,9,3,0,0,0,4332,5
TAMIL NADU,RAMANATHAPURAM,Sundarapandianpattinam (CT),722,4007,15,1,1,10,5,16,3,2,4,0,0,0,0,1007,2
TAMIL NADU,RAMANATHAPURAM,Paramakudi (M),23504,95579,46.614,2,12,168,30,115,27,3,15,19,3,0,3,32024,8
TAMIL NADU,RAMANATHAPURAM,Melaparthibanur (CT),1880,8232,10,2,0,0,0,0,3,0,6,4,0,0,0,1997,5
TAMIL NADU,RAMANATHAPURAM,Mudukulathur (TP),3559,14789,21.71,3,3,78,15,95,4,3,7,8,0,0,0,4087,6
TAMIL NADU,RAMANATHAPURAM,Abiramam (TP),1930,8144,15.6,2,0,0,0,0,4,0,3,4,0,0,0,2584,3
TAMIL NADU,RAMANATHAPURAM,Kamuthi (TP),3379,14754,15.013,1,3,70,20,69,15,3,3,14,0,1,1,5018,6
TAMIL NADU,RAMANATHAPURAM,Sayalgudi (TP),3617,14801,12.05,1,3,40,13,38,8,3,9,2,0,0,0,3819,5
TAMIL NADU,RAMANATHAPURAM,Ramanathapuram (M),14716,61440,63.27,1,4,134,43,205,4,3,4,15,2,1,6,24447,18
TAMIL NADU,RAMANATHAPURAM,Mandapam (TP),4296,18427,11.03,9,4,73,14,80,7,3,6,5,0,0,0,5875,2
TAMIL NADU,RAMANATHAPURAM,Keelakarai (M),7448,38355,5,1,5,74,17,50,14,3,4,23,0,5,0,9590,5
TAMIL NADU,RAMANATHAPURAM,Devipattinam  (CT),2452,11599,6,1,2,20,9,27,5,3,11,3,0,0,0,2616,4
TAMIL NADU,RAMANATHAPURAM,Sakkarakottai (CT)     ,3666,15355,25,5,0,0,0,0,3,0,6,2,0,0,0,4467,2
TAMIL NADU,RAMANATHAPURAM,Pattinamkattan (CT) ,4276,17601,3,1,0,0,0,0,1,0,0,25,0,0,2,4901,1
TAMIL NADU,RAMANATHAPURAM,Periapattinam  (CT),1777,9730,10,4,1,15,4,15,3,2,4,4,0,1,0,1594,2
TAMIL NADU,RAMANATHAPURAM,Rameswaram (M),10579,44856,36.52,15,4,86,19,90,9,3,23,10,0,1,0,12357,7
TAMIL NADU,THOOTHUKKUDI,Kovilpatti (M),25099,95057,71,1,6,193,41,109,43,3,9,18,0,1,6,32488,22
TAMIL NADU,THOOTHUKKUDI,Kalugumalai (TP),4208,14738,17,3,3,40,9,29,6,3,5,6,0,0,0,4962,3
TAMIL NADU,THOOTHUKKUDI,Kadambur (TP),1209,4155,18.267,2,3,10,7,27,4,3,6,3,0,0,0,1658,4
TAMIL NADU,THOOTHUKKUDI,Kayatharu (TP),2799,10400,14.8,11,2,32,10,31,6,3,5,9,0,0,0,3283,3
TAMIL NADU,THOOTHUKKUDI,Iluppaiyurani (CT) ,5009,18032,7,10,1,0,0,0,2,0,3,8,0,1,1,6866,1
TAMIL NADU,THOOTHUKKUDI,Tittangulam (CT),2590,9115,4,4,0,0,0,0,1,0,2,2,0,1,0,3010,2
TAMIL NADU,THOOTHUKKUDI,Inam Maniyachi (CT),5254,18258,3,3,1,18,7,18,2,2,1,4,0,0,0,5409,2
TAMIL NADU,THOOTHUKKUDI,Pandavarmangalam (CT),4039,14954,3,2,0,10,4,8,1,2,1,4,0,0,0,4959,3
TAMIL NADU,THOOTHUKKUDI,Manthithoppu (CT),1713,6143,10,3,0,0,0,0,1,0,4,0,0,0,0,1796,2
TAMIL NADU,THOOTHUKKUDI,Ettayapuram (TP),3646,12772,11.947,5,3,58,12,50,6,3,2,9,1,0,0,5091,4
TAMIL NADU,THOOTHUKKUDI,V. Pudur (TP),2369,8891,10,1,1,30,5,20,3,2,4,5,0,0,0,3664,6
TAMIL NADU,THOOTHUKKUDI,Vilathikulam (TP),4042,15277,23.328,1,3,76,14,62,6,3,6,8,0,0,0,4612,5
TAMIL NADU,THOOTHUKKUDI,Pudiyamputhur (CT) ,2043,8012,3,5,3,38,10,36,4,3,0,5,0,0,0,2845,3
TAMIL NADU,THOOTHUKKUDI,Thoothukkudi (M Corp.),60714,237830,177.77,1,5,1350,226,456,137,7,20,136,3,5,7,59792,35
TAMIL NADU,THOOTHUKKUDI,Sankaraperi (CT),5057,19844,15,1,1,15,7,20,2,2,6,14,0,1,0,6090,1
TAMIL NADU,THOOTHUKKUDI,Mappilaiurani (CT),10116,40035,10,1,3,20,9,26,6,3,0,14,0,0,1,5922,3
TAMIL NADU,THOOTHUKKUDI,Milavittan (CT),11811,45863,3,1,1,0,1,2,15,0,8,19,5,2,1,17048,3
TAMIL NADU,THOOTHUKKUDI,Muttayyapuram (CT),8338,32494,48.5,1,0,0,0,0,3,0,8,13,0,0,4,8583,6
TAMIL NADU,THOOTHUKKUDI,Kumaragiri (CT),3428,13344,39,1,1,18,8,20,6,2,13,12,0,0,1,5391,6
TAMIL NADU,THOOTHUKKUDI,Athimarapatti (CT),5613,22218,13.65,1,0,0,0,0,6,0,3,14,0,2,1,7014,2
TAMIL NADU,THOOTHUKKUDI,Sayapuram (TP),3225,12792,18.374,3,1,9,7,46,6,2,2,20,0,4,0,4507,6
TAMIL NADU,THOOTHUKKUDI,Perungulam (TP),1766,7203,17.3,3,1,9,5,24,2,2,4,7,0,0,0,1137,4
TAMIL NADU,THOOTHUKKUDI,Srivaikuntam (TP),4159,15847,31.98,3,4,80,20,47,9,3,20,11,0,0,2,5174,4
TAMIL NADU,THOOTHUKKUDI,Eral (TP),2388,9478,8,1,2,40,7,31,11,3,4,8,0,0,1,4066,4
TAMIL NADU,THOOTHUKKUDI,Kayalpattinam (M),9417,40588,21.506,15,3,120,18,69,9,3,60,6,0,1,0,11160,5
TAMIL NADU,THOOTHUKKUDI,Athur (TP),2555,10138,16.15,7,1,18,7,18,4,2,8,2,0,0,0,3656,3
TAMIL NADU,THOOTHUKKUDI,Thenthiruperai (TP),1276,4934,8,2,2,31,7,22,2,3,9,0,1,0,0,1671,2
TAMIL NADU,THOOTHUKKUDI,Alwarthirunagiri (TP),2375,9289,13,1,2,20,7,29,4,3,4,6,1,1,0,3103,3
TAMIL NADU,THOOTHUKKUDI,Nazerath (TP),4310,16584,13.34,3,2,15,6,17,12,2,1,28,0,2,0,5205,8
TAMIL NADU,THOOTHUKKUDI,Arumuganeri (TP),6968,27266,44.57,5,1,11,6,15,6,2,16,29,0,0,1,8134,7
TAMIL NADU,THOOTHUKKUDI,Kanam (TP),880,3134,9.6,1,1,21,5,18,2,2,3,5,0,0,0,980,3
TAMIL NADU,THOOTHUKKUDI,Tiruchendur (TP),8271,32171,24.8,4,5,86,24,90,9,3,14,14,0,3,2,10702,9
TAMIL NADU,THOOTHUKKUDI,Udangudi (TP),4673,19738,25.15,3,3,24,7,19,2,2,16,0,0,0,0,7297,5
TAMIL NADU,THOOTHUKKUDI,Veerapandianpattinam (Town) (CT),1594,6015,6,1,0,0,0,0,1,0,4,0,0,1,0,2146,1
TAMIL NADU,THOOTHUKKUDI,Sathankulam (TP),3607,14193,14.5,3,3,70,12,28,7,3,1,9,0,1,1,5278,2
TAMIL NADU,TIRUNELVELI,Sivagiri (TP),6796,23040,27.88,10,5,44,14,35,8,3,16,6,0,0,0,6041,4
TAMIL NADU,TIRUNELVELI,Rayagiri (TP),3270,11223,17.8,1,2,20,9,27,6,3,17,0,0,0,0,3697,4
TAMIL NADU,TIRUNELVELI,Vasudevanallur (TP),5833,21361,17.01,2,2,40,9,27,6,3,4,6,0,0,1,6866,6
TAMIL NADU,TIRUNELVELI,Puliankudi (M),17209,66034,49.215,6,8,84,19,62,21,3,14,72,1,3,2,17495,11
TAMIL NADU,TIRUNELVELI,Thiruvenkadam (TP),2368,8337,15,17,1,15,5,19,5,2,5,3,0,0,0,2818,5
TAMIL NADU,TIRUNELVELI,Sankarankoil (M),14536,57277,48.16,5,4,80,16,43,17,3,18,54,0,0,3,16557,19
TAMIL NADU,TIRUNELVELI,Surandai (TP),9511,35272,81,1,5,54,13,42,14,3,4,23,1,0,3,11480,6
TAMIL NADU,TIRUNELVELI,Kadayanallur (M),21076,90364,66.84,1,6,132,24,56,33,3,9,62,0,0,2,26536,13
TAMIL NADU,TIRUNELVELI,Sambavar Vadagarai (TP),4423,16709,5,43,2,20,8,24,2,3,7,3,0,0,1,4432,4
TAMIL NADU,TIRUNELVELI,Aygudi (TP),4088,15129,36.808,10,3,56,12,37,4,3,9,5,0,2,0,4461,1
TAMIL NADU,TIRUNELVELI,Tenkasi (M),17887,70545,37.7,24,14,288,44,135,30,3,13,49,0,2,4,21912,16
TAMIL NADU,TIRUNELVELI,Sundarapandiapuram (TP),2532,8987,13,0,3,32,7,26,3,3,4,4,0,0,0,2627,4
TAMIL NADU,TIRUNELVELI,Ilanji (TP),2823,10282,17.86,7,1,22,7,19,4,2,1,16,0,0,0,3142,2
TAMIL NADU,TIRUNELVELI,Courtalam (TP),556,2089,10.96,5,1,14,5,17,3,2,5,9,0,1,0,1395,4
TAMIL NADU,TIRUNELVELI,Melagaram (TP),4018,14535,3,0,2,15,7,19,3,2,6,0,0,0,0,3980,3
TAMIL NADU,TIRUNELVELI,Achampudur (TP),3563,13566,14.458,0,2,20,10,36,4,5,3,1,0,0,0,4020,3
TAMIL NADU,TIRUNELVELI,Vadakarai Keezhpadugai (TP),5047,20821,5,27,2,40,9,27,4,3,5,16,0,0,0,4573,3
TAMIL NADU,TIRUNELVELI,Panpoli (TP),2619,9313,7,1,1,21,4,15,5,2,7,10,0,0,0,2975,3
TAMIL NADU,TIRUNELVELI,Pudur (S) (TP),3322,12457,26.8,10,0,0,0,0,1,0,5,0,0,0,0,2796,3
TAMIL NADU,TIRUNELVELI,Shenkottai (M),7146,26823,26.403,0,5,66,17,72,11,3,16,6,0,0,1,12546,6
TAMIL NADU,TIRUNELVELI,Sumaitheerthapuram (CT),1875,6879,10,0,0,0,0,0,1,0,6,4,0,0,0,1392,2
TAMIL NADU,TIRUNELVELI,Kilapavoor (TP),5967,22231,28.1,1,2,0,0,0,8,0,23,3,0,2,0,7280,4
TAMIL NADU,TIRUNELVELI,Alangulam (TP),5796,20948,37.26,3,12,50,11,36,12,3,4,12,0,1,1,8937,11
TAMIL NADU,TIRUNELVELI,Nallur (CT),2228,7828,5,0,0,0,0,0,1,0,0,14,0,2,0,2770,2
TAMIL NADU,TIRUNELVELI,Sankarnagar (TP),1854,7095,15.25,4,1,15,5,17,2,2,2,6,0,1,0,2293,1
TAMIL NADU,TIRUNELVELI,Naranammalpuram (TP),4580,17094,25.91,0,1,15,6,15,9,2,8,5,0,0,0,5931,1
TAMIL NADU,TIRUNELVELI,Tirunelveli (M Corp.),120466,473637,609.79,5,17,699,372,661,49,13,84,59,5,3,11,149388,53
TAMIL NADU,TIRUNELVELI,Alwarkurichi (TP),2793,10045,21.466,4,2,15,7,14,3,2,8,1,1,0,1,3360,4
TAMIL NADU,TIRUNELVELI,Mukkudal (TP),4137,14983,18.31,0,2,13,10,28,6,3,7,4,0,0,1,4380,3
TAMIL NADU,TIRUNELVELI,Vikramasingapuram (M),13558,47241,60.303,6,4,90,24,64,11,3,15,21,1,0,1,17190,9
TAMIL NADU,TIRUNELVELI,Ambasamudram (M),9845,35645,63.626,4,5,59,24,64,16,3,16,29,0,1,3,11478,11
TAMIL NADU,TIRUNELVELI,Cheranmadevi (TP),4756,18327,40.9,2,4,63,15,54,8,3,7,28,0,3,1,6091,4
TAMIL NADU,TIRUNELVELI,Veeravanallur (TP),5317,19585,30.569,5,2,20,9,28,3,3,4,23,0,0,1,6653,4
TAMIL NADU,TIRUNELVELI,Kalladaikurichi (TP),7364,26398,30.35,3,2,20,9,32,13,3,8,9,0,0,1,8535,6
TAMIL NADU,TIRUNELVELI,Manimutharu (TP),3085,11323,41,0,2,24,10,28,2,3,6,16,0,0,0,3952,3
TAMIL NADU,TIRUNELVELI,Pathamadai (TP),4166,16625,18,8,3,40,11,33,7,3,12,3,0,0,0,4931,3
TAMIL NADU,TIRUNELVELI,Melacheval (TP),2181,8435,21.431,9,1,15,5,18,3,2,12,0,0,0,0,2785,4
TAMIL NADU,TIRUNELVELI,Gopalasamudram (TP),2890,10694,24,3,1,15,7,19,4,2,9,1,0,0,0,3534,2
TAMIL NADU,TIRUNELVELI,Kadayam (CT) ,1533,5430,12,0,1,20,6,21,8,3,4,0,0,0,0,2389,7
TAMIL NADU,TIRUNELVELI,Kila Ambur (CT),1747,6233,15,0,0,0,0,0,1,0,2,0,0,0,0,1863,3
TAMIL NADU,TIRUNELVELI,Sivanthipuram (CT),4187,14281,20,10,0,0,0,0,1,0,4,0,0,0,0,5182,3
TAMIL NADU,TIRUNELVELI,Moolakaraipatti (TP),2899,11112,22,4,2,13,8,24,5,3,12,6,0,1,0,3774,3
TAMIL NADU,TIRUNELVELI,Kalakad (TP),8098,30921,51,0,2,18,6,15,11,2,21,3,0,0,2,11239,7
TAMIL NADU,TIRUNELVELI,Nanguneri (TP),1753,6640,25.09,15,3,80,19,64,6,3,11,1,0,0,0,2260,7
TAMIL NADU,TIRUNELVELI,Eruvadi (TP),4239,18067,30.55,10,3,40,8,27,7,3,17,6,0,0,0,5238,9
TAMIL NADU,TIRUNELVELI,Thirukarungudi (TP),2576,9342,26.376,0,2,40,8,28,3,3,12,0,0,0,0,3208,2
TAMIL NADU,TIRUNELVELI,Vadakkuvalliyur (TP),7760,29417,19.64,8,4,24,7,29,13,2,27,21,0,2,2,9547,10
TAMIL NADU,TIRUNELVELI,Panagudi (TP),7733,29895,19.7,8,3,40,9,28,4,3,11,12,0,0,0,9475,9
TAMIL NADU,TIRUNELVELI,Thisayanvilai (TP),5881,23702,8,2,4,25,8,28,13,3,3,9,1,0,0,8814,8
TAMIL NADU,TIRUNELVELI,Terkukallikulam (CT),1625,5980,22.4,0,1,30,4,13,2,2,8,0,0,1,0,1815,2
TAMIL NADU,TIRUNELVELI,Vaddakkankulam (CT),2473,9220,30,0,3,13,8,29,7,3,22,0,0,2,0,2741,5
TAMIL NADU,TIRUNELVELI,Overi (CT),1281,5694,20,3,0,0,0,0,1,0,0,12,0,0,0,1936,1
TAMIL NADU,TIRUNELVELI,Kuthankuzhi (CT),1205,5118,15,0,1,15,5,13,2,2,6,0,0,1,0,1473,1
TAMIL NADU,KANNIYAKUMARI,Kadayal (TP),5512,21665,42,63,1,57,7,18,10,2,4,3,0,0,0,7411,4
TAMIL NADU,KANNIYAKUMARI,Arumanai (TP),4236,16283,30,6,3,80,13,43,5,3,6,2,0,1,0,4952,6
TAMIL NADU,KANNIYAKUMARI,Edaicode (TP),6528,25378,22.15,13,2,20,10,30,5,3,5,10,0,1,0,6883,4
TAMIL NADU,KANNIYAKUMARI,Palugal (TP),4429,18276,10,28,2,15,7,15,3,2,6,2,0,1,0,5306,3
TAMIL NADU,KANNIYAKUMARI,Kaliyakkavilai (TP),3892,15625,16.5,25,0,10,4,14,4,2,3,9,0,0,0,4965,5
TAMIL NADU,KANNIYAKUMARI,Pacode (TP),6237,24050,45,38,0,0,0,0,2,0,17,4,0,0,0,7290,4
TAMIL NADU,KANNIYAKUMARI,Kuzhithurai (M),5519,21307,35,5,5,40,13,34,12,3,13,28,0,3,1,10482,11
TAMIL NADU,KANNIYAKUMARI,Unnamalaikadai (TP),5969,23656,48.21,8,0,0,0,0,1,0,6,8,0,0,0,6495,6
TAMIL NADU,KANNIYAKUMARI,Nalloor (TP),4480,17989,45.198,9,1,15,7,20,6,2,8,5,0,0,1,4852,7
TAMIL NADU,KANNIYAKUMARI,Kollancode (TP),8514,38385,42,24,4,24,10,29,4,3,10,55,0,1,0,9456,5
TAMIL NADU,KANNIYAKUMARI,Ezhudesam (TP),6114,24657,53,43,1,15,6,18,4,2,16,3,0,1,0,7355,7
TAMIL NADU,KANNIYAKUMARI,Puthukkadai (TP),2537,9909,14.5,1,0,0,0,0,2,0,3,2,0,0,0,3211,4
TAMIL NADU,KANNIYAKUMARI,Killiyoor (TP),5479,20938,46.12,46,4,20,10,31,4,3,3,6,0,1,0,6496,7
TAMIL NADU,KANNIYAKUMARI,Keezhkulam (TP),4297,17327,45,8,1,15,7,26,3,2,11,5,0,0,0,5825,4
TAMIL NADU,KANNIYAKUMARI,Karungal (TP),4368,16691,87.2,52,3,30,10,35,10,3,13,4,0,2,0,6193,4
TAMIL NADU,KANNIYAKUMARI,Palappallam (TP),4842,18589,35.5,25,1,0,0,0,1,0,6,20,0,0,0,6207,2
TAMIL NADU,KANNIYAKUMARI,Puliyoorsalai (CT),1614,6361,5,2,0,0,0,0,1,0,3,0,0,0,1,2045,2
TAMIL NADU,KANNIYAKUMARI,Manjalumoodu (CT),1840,6840,6,1,0,0,0,0,1,0,1,4,0,1,0,2059,2
TAMIL NADU,KANNIYAKUMARI,Muzhucode (CT),2075,8000,5,1,0,0,0,0,1,0,1,0,0,0,0,2442,2
TAMIL NADU,KANNIYAKUMARI,Malayadi (CT),2083,7812,11,6,1,0,0,0,2,0,10,0,0,0,0,2235,4
TAMIL NADU,KANNIYAKUMARI,Vanniyoor (CT),1183,4319,3,1,0,0,0,0,1,0,3,0,0,0,0,1501,1
TAMIL NADU,KANNIYAKUMARI,Maruthancode (CT),2173,8277,4,2,1,10,3,12,1,2,3,3,0,0,2,2623,1
TAMIL NADU,KANNIYAKUMARI,Vellamcode (CT),3279,12715,5,2,0,0,0,0,1,0,4,2,0,0,0,3551,2
TAMIL NADU,KANNIYAKUMARI,Kulappuram  (CT),1990,7677,12,1,0,0,0,0,1,0,1,5,0,0,0,2572,1
TAMIL NADU,KANNIYAKUMARI,Adaikkakuzhi (CT),2263,8888,12,1,0,0,0,0,1,0,2,0,0,0,0,2610,1
TAMIL NADU,KANNIYAKUMARI,Methukummal (CT),5002,19417,41,1,0,0,0,0,1,0,1,3,0,0,0,5792,2
TAMIL NADU,KANNIYAKUMARI,Vilavancode (CT)  ,1760,6731,4,1,0,0,0,0,1,0,1,0,0,0,0,2489,1
TAMIL NADU,KANNIYAKUMARI,Choozhal (CT),1799,6807,10.05,6,1,7,4,14,6,2,5,0,0,0,0,2678,7
TAMIL NADU,KANNIYAKUMARI,Nadaikavu (CT),2236,8727,12,1,0,0,0,0,2,0,2,2,0,0,0,2589,1
TAMIL NADU,KANNIYAKUMARI,Vavarai (CT),2250,8362,12,1,0,0,0,0,1,0,4,3,0,0,0,2583,1
TAMIL NADU,KANNIYAKUMARI,Mancad (CT),1320,4889,12,1,2,10,6,20,2,2,2,0,0,0,0,1668,4
TAMIL NADU,KANNIYAKUMARI,Vilathurai (CT),5171,19758,55,4,3,9,7,19,5,2,14,7,0,0,0,6548,7
TAMIL NADU,KANNIYAKUMARI,Nattalam  (CT),2054,7674,12,1,1,10,4,15,2,1,5,7,0,1,0,2594,3
TAMIL NADU,KANNIYAKUMARI,Painkulam  (CT),5638,23630,18,7,3,30,7,18,5,2,13,10,0,0,0,7012,5
TAMIL NADU,KANNIYAKUMARI,Paloor (CT),1761,6818,4,1,1,10,3,10,2,2,1,0,0,0,0,2388,1
TAMIL NADU,KANNIYAKUMARI,Midalam (CT)  ,2204,8625,12,8,1,18,5,20,2,2,7,0,0,0,0,2880,4
TAMIL NADU,KANNIYAKUMARI,Mathicode (CT),1775,6532,12.5,6,1,7,4,15,2,2,7,0,0,0,0,2155,3
TAMIL NADU,KANNIYAKUMARI,Thirparappu (TP),5839,22401,47.6,20,1,0,0,0,1,0,6,2,0,0,0,6883,7
TAMIL NADU,KANNIYAKUMARI,Ponmanai (TP),4068,15554,29.654,4,0,0,0,0,1,0,6,2,0,1,0,4386,3
TAMIL NADU,KANNIYAKUMARI,Kulasekaram (TP),4421,17267,30.03,18,3,70,14,31,12,3,6,11,0,2,0,5619,14
TAMIL NADU,KANNIYAKUMARI,Thiruvattar (TP),4836,18985,20,15,3,24,10,30,4,3,7,3,0,0,0,5682,4
TAMIL NADU,KANNIYAKUMARI,Athur (TP),3047,11910,41.11,7,0,10,4,16,2,2,4,4,0,3,0,2987,3
TAMIL NADU,KANNIYAKUMARI,Verkilambi (TP),5044,19730,41,25,2,0,0,0,3,0,9,4,0,0,0,5962,4
TAMIL NADU,KANNIYAKUMARI,Kumarapuram (TP),3653,14728,31.85,2,0,0,0,0,2,0,7,12,0,0,0,4703,4
TAMIL NADU,KANNIYAKUMARI,Kothanallur (TP),4514,17662,43.41,3,2,40,10,29,4,3,7,2,0,0,0,5090,5
TAMIL NADU,KANNIYAKUMARI,Valvaithankoshtam (TP),4406,16965,32,4,1,15,6,16,4,2,1,5,0,0,0,5812,6
TAMIL NADU,KANNIYAKUMARI,Mulagumudu (TP),5041,19538,30,22,2,0,0,0,3,0,11,3,0,0,0,6287,3
TAMIL NADU,KANNIYAKUMARI,Vilavur (TP),3725,14320,49,2,0,12,4,8,1,4,36,4,0,3,0,4629,2
TAMIL NADU,KANNIYAKUMARI,Padmanabhapuram (M),5549,21342,9,31,5,116,18,88,11,3,9,5,0,0,0,8516,11
TAMIL NADU,KANNIYAKUMARI,Thiruvithancode (TP),4469,18723,68.675,10,3,20,8,24,8,3,7,5,0,1,0,5359,6
TAMIL NADU,KANNIYAKUMARI,Kappiyarai (TP),4045,15998,35.45,24,1,15,7,16,2,2,9,8,0,1,0,5018,3
TAMIL NADU,KANNIYAKUMARI,Eraniel (TP),2681,10375,12,26,0,10,4,8,4,2,11,3,0,0,0,3714,3
TAMIL NADU,KANNIYAKUMARI,Villukuri (TP),4037,15304,24,30,1,15,6,16,2,2,6,2,0,0,0,5233,3
TAMIL NADU,KANNIYAKUMARI,Neyyoor (TP),3430,12917,35.73,14,1,36,8,22,3,2,3,4,0,0,0,4496,2
TAMIL NADU,KANNIYAKUMARI,Reethapuram (TP),5210,21177,54.1,34,2,0,0,0,4,0,7,14,0,0,0,6483,5
TAMIL NADU,KANNIYAKUMARI,Kallukuttam (TP),4815,19093,58.99,19,2,30,7,16,5,2,5,15,0,1,0,6146,6
TAMIL NADU,KANNIYAKUMARI,Thingalnagar (TP),3538,13567,9.8,7,1,30,7,15,6,2,4,4,0,0,1,4783,5
TAMIL NADU,KANNIYAKUMARI,Alur (TP),3882,15063,54.2,1,0,0,0,0,3,0,5,4,0,4,0,4604,3
TAMIL NADU,KANNIYAKUMARI,Colachel (M),5205,23227,28.7,4,5,58,17,53,7,3,6,5,0,0,0,6623,5
TAMIL NADU,KANNIYAKUMARI,Mandaikadu (TP),3444,13317,15.1,9,1,39,6,16,3,2,6,1,0,1,0,4143,5
TAMIL NADU,KANNIYAKUMARI,Manavalakurichi (TP),2636,10969,24,8,1,21,7,18,4,4,6,6,0,0,0,3584,8
TAMIL NADU,KANNIYAKUMARI,Vellimalai (TP),3436,13182,20.34,10,0,0,0,0,4,0,6,4,0,3,0,4228,3
TAMIL NADU,KANNIYAKUMARI,Ayacode (CT),2351,8874,7,25,0,0,0,0,1,0,5,0,0,0,0,2998,3
TAMIL NADU,KANNIYAKUMARI,Kattathurai (CT),4476,17271,10,1,0,0,0,0,1,0,3,3,0,0,0,4599,3
TAMIL NADU,KANNIYAKUMARI,Kannanoor (CT),2010,7747,7,9,1,15,5,18,2,2,1,0,0,0,0,2087,2
TAMIL NADU,KANNIYAKUMARI,Thikkanamcode (CT),3629,14086,20,2,0,0,0,0,2,0,3,2,0,2,0,4289,9
TAMIL NADU,KANNIYAKUMARI,Nullivilai (CT),4165,16138,10,2,1,15,6,16,3,2,6,2,0,0,0,4892,4
TAMIL NADU,KANNIYAKUMARI,Athivilai (CT),2033,7401,8,4,1,15,4,16,3,2,2,5,0,0,0,2618,3
TAMIL NADU,KANNIYAKUMARI,Kattimancode (CT),2221,8541,5,6,1,15,5,18,2,2,5,2,0,0,0,3159,2
TAMIL NADU,KANNIYAKUMARI,Azhagiapandipuram (TP),3146,11392,89.5,53,0,0,0,0,1,0,8,0,0,0,0,3920,6
TAMIL NADU,KANNIYAKUMARI,Boothapandi (TP),4280,15931,28,8,3,154,22,72,5,3,11,12,0,0,0,5103,2
TAMIL NADU,KANNIYAKUMARI,Aralvaimozhi (TP),6206,22846,42.8,22,2,40,9,34,6,3,9,1,0,7,0,7525,6
TAMIL NADU,KANNIYAKUMARI,Thazhakudy (TP),2503,8992,21.13,8,0,0,0,0,1,0,6,1,0,0,0,2991,3
TAMIL NADU,KANNIYAKUMARI,Thadikarankonam (CT),1640,6241,12,1,3,24,8,19,2,3,9,3,0,0,0,1825,1
TAMIL NADU,KANNIYAKUMARI,Chenbagaramanputhur  (CT),1421,5028,20,10,2,10,7,24,2,3,5,1,0,3,0,1826,1
TAMIL NADU,KANNIYAKUMARI,Marungur (TP),3148,11236,9,8,2,20,8,24,5,3,3,2,0,2,0,4004,4
TAMIL NADU,KANNIYAKUMARI,Therur (TP),2148,7615,18.5,8,1,23,6,16,3,2,3,3,0,1,0,2771,3
TAMIL NADU,KANNIYAKUMARI,Nagercoil (M),59997,224849,194.32,4,13,340,42,122,62,3,29,30,5,7,8,90475,49
TAMIL NADU,KANNIYAKUMARI,Asaripallam (TP),4457,16822,30,13,3,83,23,70,6,3,7,5,1,1,0,5952,3
TAMIL NADU,KANNIYAKUMARI,Suchindrum (TP),3644,13193,30,15,0,0,0,0,4,0,4,9,0,0,0,4754,7
TAMIL NADU,KANNIYAKUMARI,Ganapathipuram (TP),3880,14598,29.7,8,2,40,9,26,2,3,5,6,0,3,0,5199,4
TAMIL NADU,KANNIYAKUMARI,Mylaudy (TP),2661,10070,20.4,2,2,15,9,21,6,2,4,4,0,0,0,3432,2
TAMIL NADU,KANNIYAKUMARI,Alagappapuram (TP),2656,9626,89.5,50,2,20,8,36,2,3,2,3,0,1,0,3450,4
TAMIL NADU,KANNIYAKUMARI,Anjugrammam (TP),2915,10982,25,5,0,16,4,8,5,2,8,0,0,0,0,3871,15
TAMIL NADU,KANNIYAKUMARI,Kottaram (TP),2952,11055,19,19,2,24,10,34,6,3,5,0,0,0,0,3609,2
TAMIL NADU,KANNIYAKUMARI,Thengampudur (TP),3849,14538,32.36,10,0,0,0,0,2,0,10,8,0,3,0,4589,5
TAMIL NADU,KANNIYAKUMARI,Puthalam (TP),3417,13073,8,9,1,30,7,27,2,2,5,1,0,0,0,4166,6
TAMIL NADU,KANNIYAKUMARI,Agastheeswaram (TP),2620,9717,4,38,2,40,7,26,3,3,10,3,0,2,0,3267,4
TAMIL NADU,KANNIYAKUMARI,Thenthamaraikulam (TP),3100,11872,25.15,10,1,9,7,19,3,2,7,1,0,0,0,4135,5
TAMIL NADU,KANNIYAKUMARI,Kanniyakumari (TP),5525,22453,22.684,2,5,106,20,74,7,3,7,9,0,1,0,6901,10
TAMIL NADU,KANNIYAKUMARI,Putheri (CT),1577,5576,4,2,2,16,5,10,2,2,3,0,0,0,4,1841,3
TAMIL NADU,KANNIYAKUMARI,Gandipuram (CT),1625,6106,6,1,1,7,4,13,3,2,3,2,0,0,0,1710,3
TAMIL NADU,KANNIYAKUMARI,Peruvilai (CT),1608,6090,5,3,0,0,0,0,1,0,4,4,0,0,0,2044,1
TAMIL NADU,KANNIYAKUMARI,Dharamapuram  (CT),4457,17476,4,1,0,0,0,0,1,0,10,3,0,0,0,5438,2
TAMIL NADU,KANNIYAKUMARI,Pallanthurai (CT),1324,5386,12,1,1,15,4,15,2,2,0,5,0,0,0,1398,2
TAMIL NADU,KANNIYAKUMARI,Manakudi (CT),1026,4083,12,2,1,8,4,17,2,2,2,2,0,0,0,1300,2
TAMIL NADU,DHARMAPURI,Marandahalli (TP),3179,12451,9.95,5,4,20,9,27,12,3,10,3,0,0,1,4190,5
TAMIL NADU,DHARMAPURI,Kariamangalam (TP),3398,13511,29.935,5,2,28,9,26,12,3,13,7,0,0,2,3958,3
TAMIL NADU,DHARMAPURI,Palakkodu (TP),4948,20959,18.8,3,13,76,15,61,13,3,9,4,0,0,2,6223,12
TAMIL NADU,DHARMAPURI,Kambainallur (TP),3024,12194,36.515,8,2,20,9,22,2,3,8,3,0,0,0,3366,33
TAMIL NADU,DHARMAPURI,Harur (TP),6607,25469,26.51,7,5,32,13,42,14,3,12,6,1,1,3,7938,5
TAMIL NADU,DHARMAPURI,Kadathur (TP),2811,11382,20.76,9,2,13,8,19,10,3,10,5,0,0,0,1877,3
TAMIL NADU,DHARMAPURI,B.Mallapuram (TP),3213,12705,28.9,18,0,10,4,8,5,2,11,9,0,1,1,3648,6
TAMIL NADU,DHARMAPURI,Pappireddipatti (TP),2458,9369,9,39,3,30,10,37,7,3,11,7,1,0,1,2660,4
TAMIL NADU,DHARMAPURI,Dharmapuri (M),17136,68619,60.742,1,3,41,11,30,48,2,15,23,2,0,8,22587,20
TAMIL NADU,DHARMAPURI,Hale-Dharmapuri (CT),1231,4902,3,1,0,0,0,0,1,0,4,0,0,1,0,1532,1
TAMIL NADU,DHARMAPURI,Lakkiampatti (CT),10193,39697,8,12,1,0,0,0,35,0,20,15,0,0,8,14033,33
TAMIL NADU,DHARMAPURI,Papparapatti (TP),3014,12174,20.12,2,1,20,8,24,8,3,8,4,0,0,1,3447,3
TAMIL NADU,DHARMAPURI,Pennagaram (TP),4252,17480,33.16,1,3,30,12,38,3,3,16,0,0,1,1,5675,5
TAMIL NADU,KRISHNAGIRI,Hosur (M),29255,116821,72.11,5,7,515,56,171,32,5,23,22,0,4,5,34704,24
TAMIL NADU,KRISHNAGIRI,Mathigiri (TP),5627,23129,33.25,6,1,0,0,0,4,0,17,0,0,0,0,5923,2
TAMIL NADU,KRISHNAGIRI,Zuzuvadi (CT),8728,32474,5,6,2,0,0,0,5,0,5,9,0,0,0,9216,3
TAMIL NADU,KRISHNAGIRI,Avalapalli (CT),4478,17859,23.14,2,0,0,0,0,1,0,11,4,0,0,0,4883,1
TAMIL NADU,KRISHNAGIRI,Mookondapalli (CT),10624,39245,4,0,2,0,1,3,5,0,4,6,0,1,1,11135,6
TAMIL NADU,KRISHNAGIRI,Bargur (TP),3760,16366,29.95,2,2,40,10,27,9,3,9,15,1,0,1,4577,6
TAMIL NADU,KRISHNAGIRI,Krishnagiri (M),16386,71323,18.24,25,6,117,84,105,54,3,23,45,2,2,7,23654,33
TAMIL NADU,KRISHNAGIRI,Kaveripattinam (TP),3721,15006,39.169,2,2,40,9,30,21,3,7,2,0,0,1,5165,12
TAMIL NADU,KRISHNAGIRI,Venkatapuram (CT),1764,7430,6,4,0,0,0,0,1,0,6,8,0,0,0,2231,1
TAMIL NADU,KRISHNAGIRI,Kattiganapalli (CT),5518,22714,5,10,2,0,0,0,25,0,0,20,2,0,0,1670,2
TAMIL NADU,KRISHNAGIRI,Kelamangalam (TP),3098,13321,16.19,3,2,13,8,24,5,3,7,13,0,0,2,3394,5
TAMIL NADU,KRISHNAGIRI,Denkanikottai (TP),5393,24252,30.19,6,4,80,23,42,13,3,10,17,0,0,2,5851,7
TAMIL NADU,KRISHNAGIRI,Nagojanahalli (TP),2483,9953,17.49,5,3,22,10,32,5,3,11,2,0,0,0,1508,3
TAMIL NADU,KRISHNAGIRI,Uthangarai (TP),4359,18470,7,5,4,70,18,60,10,3,12,6,1,0,3,5612,4
TAMIL NADU,COIMBATORE,Sirumugai (TP),5294,18223,23.86,10,4,28,10,27,8,3,17,2,0,0,1,6599,9
TAMIL NADU,COIMBATORE,Mettupalayam (M),18423,69213,73.941,6,10,136,25,114,26,3,25,12,0,1,3,25670,11
TAMIL NADU,COIMBATORE,Karamadai (TP),9792,35166,30.7,25,4,40,10,33,23,3,16,14,0,1,1,11424,9
TAMIL NADU,COIMBATORE,Mopperipalayam (TP),3094,10923,28,1,1,15,7,16,3,2,11,2,0,0,0,3645,3
TAMIL NADU,COIMBATORE,Karumathampatti (TP),10071,35062,17.38,35,2,30,7,21,11,2,11,22,0,7,3,7166,5
TAMIL NADU,COIMBATORE,Irugur (TP),7459,25691,30,12,3,60,8,25,4,3,9,1,0,0,0,8689,3
TAMIL NADU,COIMBATORE,Sulur (TP),8014,27909,27.6,32,4,21,15,44,5,3,12,8,0,4,1,7658,14
TAMIL NADU,COIMBATORE,Pallapalayam (TP),3369,11910,12.99,9,0,0,0,0,6,0,15,5,0,0,0,3483,3
TAMIL NADU,COIMBATORE,Kannampalayam (TP),4577,15868,33.5,5,1,15,7,15,2,2,7,3,0,5,1,5906,2
TAMIL NADU,COIMBATORE,Kaniyur (CT),3444,12011,16,16,0,0,0,0,1,0,7,0,0,2,0,1488,2
TAMIL NADU,COIMBATORE,Arasur (CT),3306,11510,16,1,0,0,0,0,2,0,7,0,0,3,0,3965,2
TAMIL NADU,COIMBATORE,K.Madapur (CT),1637,5626,16,1,0,0,0,0,1,0,4,0,0,0,0,1141,3
TAMIL NADU,COIMBATORE,Muthugoundam Pudur (CT),3011,10259,5,1,0,0,0,0,1,0,3,3,0,3,0,3027,2
TAMIL NADU,COIMBATORE,Neelambur (CT),2471,8382,7,1,1,0,0,0,1,0,2,1,0,2,2,3056,1
TAMIL NADU,COIMBATORE,Chinniam palayam (CT),2349,8232,10,1,1,24,6,20,4,3,5,1,0,2,1,3051,1
TAMIL NADU,COIMBATORE,Pattanam (CT),2604,9196,7,1,1,15,5,15,4,2,4,0,0,0,0,3235,2
TAMIL NADU,COIMBATORE,Annur (TP),5610,20079,13.7,11,4,50,16,49,14,3,12,4,0,0,2,5787,9
TAMIL NADU,COIMBATORE,Veerapandi (TP),4740,16953,37.28,13,1,20,8,24,2,3,8,4,0,0,0,5900,3
TAMIL NADU,COIMBATORE,Gudalur (TP),10897,38859,14,70,2,35,15,40,8,0,9,5,0,2,1,6272,2
TAMIL NADU,COIMBATORE,Periyanaicken-palayam (TP),7377,25930,34.9,1,4,50,14,81,11,3,5,30,0,3,1,10563,4
TAMIL NADU,COIMBATORE,Idikarai (TP),2491,8686,16.36,1,1,15,4,17,2,2,4,0,0,0,0,2149,3
TAMIL NADU,COIMBATORE,Sarcarsamakulam (TP),2915,10289,25,15,2,24,8,20,2,3,7,4,0,4,0,3426,2
TAMIL NADU,COIMBATORE,Narasimhanaicken-palayam (TP),5023,17858,6,6,2,17,6,15,2,2,9,8,0,0,0,3138,4
TAMIL NADU,COIMBATORE,Kalapatti (TP),10969,39586,63.22,13,2,14,4,9,7,2,21,8,0,6,0,5908,5
TAMIL NADU,COIMBATORE,Saravanampatti (TP),9284,32920,30.51,14,2,85,8,32,30,4,8,11,0,5,1,10457,19
TAMIL NADU,COIMBATORE,Vellakinar (TP),4373,15998,12,1,5,15,15,42,11,3,10,28,1,7,2,5400,10
TAMIL NADU,COIMBATORE,Thudiyalur (TP),9223,33924,66.68,1,3,24,8,29,8,3,6,3,1,0,1,10653,4
TAMIL NADU,COIMBATORE,Chinnavedampatti (TP),5571,20122,6,1,3,0,0,0,9,0,6,9,0,7,0,5559,3
TAMIL NADU,COIMBATORE,Goundampalayam (M),22155,83908,48,44,6,80,25,45,16,0,7,32,0,0,2,24474,8
TAMIL NADU,COIMBATORE,Veerakeralam (TP),6536,23841,25,12,3,60,7,14,3,2,7,2,0,0,0,5682,3
TAMIL NADU,COIMBATORE,Kurudampalayam (CT),4985,18749,4,20,1,18,8,19,7,2,15,0,0,0,0,5169,2
TAMIL NADU,COIMBATORE,Ashokapuram (CT),3578,12993,5,15,1,21,7,18,5,2,17,8,0,0,0,4282,4
TAMIL NADU,COIMBATORE,Chinnathadagam (CT),2426,8407,17,1,2,20,7,27,6,3,7,5,0,0,0,2334,1
TAMIL NADU,COIMBATORE,Vilankurichi (CT),6608,24235,15,10,4,15,6,15,4,2,5,22,1,11,0,4146,4
TAMIL NADU,COIMBATORE,Somayampalayam (CT),4063,14787,25.5,1,0,0,0,0,3,0,5,23,0,0,0,5356,1
TAMIL NADU,COIMBATORE,Vadavalli (TP),10824,39873,83.25,21,3,30,9,27,9,3,9,3,0,1,2,14190,10
TAMIL NADU,COIMBATORE,Coimbatore (M Corp.),282839,1050721,938.19,56,59,602,171,685,669,15,211,52,7,19,35,330076,191
TAMIL NADU,COIMBATORE,Thondamuthur (TP),3320,11492,16.65,9,3,32,13,43,7,3,11,1,0,0,0,3084,4
TAMIL NADU,COIMBATORE,Dhaliyur (TP),3208,11500,16.26,10,1,15,7,14,3,2,5,11,0,0,0,4131,2
TAMIL NADU,COIMBATORE,Vedapatti (TP),3209,11658,7,4,1,15,7,14,3,2,4,5,0,0,0,3443,5
TAMIL NADU,COIMBATORE,Vellalur (TP),6837,24872,17.682,9,3,15,7,15,5,2,9,3,0,0,0,7359,5
TAMIL NADU,COIMBATORE,Kurichi (M),32830,123667,107.41,1,7,60,10,24,26,2,20,36,0,6,3,34496,8
TAMIL NADU,COIMBATORE,Kuniyamuthur (M),25270,95924,122,8,4,70,13,77,7,2,29,25,0,9,0,23020,8
TAMIL NADU,COIMBATORE,Perur (TP),2211,8004,18,1,1,24,5,15,4,2,8,1,1,0,0,2543,3
TAMIL NADU,COIMBATORE,Thenkarai (TP),2093,7349,10,9,1,9,5,22,2,2,7,0,0,0,0,2146,3
TAMIL NADU,COIMBATORE,Pooluvapatti (TP),3575,12853,18.2,19,1,9,7,20,3,2,10,4,0,0,1,2596,3
TAMIL NADU,COIMBATORE,Alanthurai (TP),2004,7221,7,12,0,0,0,0,4,0,8,0,0,2,1,1992,2
TAMIL NADU,COIMBATORE,Chettipalayam (TP),2841,10366,32.152,26,1,18,6,17,4,2,6,6,0,0,0,2486,2
TAMIL NADU,COIMBATORE,Madukkarai (TP),8153,30357,35.07,5,3,40,10,31,10,3,14,10,0,7,1,8482,4
TAMIL NADU,COIMBATORE,Ettimadai (TP),2564,9352,29.24,12,0,0,0,0,4,0,6,4,0,4,0,3399,4
TAMIL NADU,COIMBATORE,Othakalmandapam (TP),3394,12207,7,4,0,0,0,0,3,0,4,4,0,6,0,3452,4
TAMIL NADU,COIMBATORE,Thirumalayampalayam (TP),3375,12164,33.45,15,2,48,9,25,2,3,7,2,1,4,0,3326,1
TAMIL NADU,COIMBATORE,Perur Chettipalayam (CT),5004,17809,12,1,2,15,7,15,4,2,6,4,0,2,0,5512,3
TAMIL NADU,COIMBATORE,Malumichampatti (CT),3594,12936,20,22,1,15,6,17,2,2,5,0,0,2,0,4612,1
TAMIL NADU,COIMBATORE,Kinathukadavu (TP),2469,8653,32.501,1,2,32,6,24,6,3,12,2,0,1,0,2093,9
TAMIL NADU,COIMBATORE,Periya Negamam (TP),2101,7098,44.25,1,2,30,5,15,5,2,9,0,0,0,1,2558,4
TAMIL NADU,COIMBATORE,Pollachi (M),24755,90180,138.72,5,9,210,30,54,88,3,34,50,0,2,8,25864,31
TAMIL NADU,COIMBATORE,Zamin Uthukuli (TP),4566,16354,38.02,2,2,24,8,24,2,3,8,4,0,0,0,4595,4
TAMIL NADU,COIMBATORE,Suleeswaranpatti (TP),5680,20104,7,1,0,0,0,0,5,0,4,4,0,0,1,4603,3
TAMIL NADU,COIMBATORE,Samathur (TP),1735,5762,10,1,1,15,5,17,3,2,5,0,0,0,1,1252,2
TAMIL NADU,COIMBATORE,Anaimalai (TP),4933,17208,20,5,2,20,8,24,2,3,16,5,0,0,0,5617,5
TAMIL NADU,COIMBATORE,Odaiyakulam (TP),3895,13370,20,1,0,0,2,4,3,2,13,0,0,0,1,3942,5
TAMIL NADU,COIMBATORE,Vettaikaranpudur (TP),5152,17392,17.373,15,3,36,13,43,7,3,15,0,0,0,2,2052,7
TAMIL NADU,COIMBATORE,Kottur (TP),7769,26627,34.7,8,3,82,14,69,9,3,17,5,0,0,1,6459,5
TAMIL NADU,COIMBATORE,Koil palayam (CT),1421,5025,12,1,1,15,5,13,4,2,5,0,0,0,0,1631,1
TAMIL NADU,COIMBATORE,Achipatti (CT),2746,9849,60,1,2,27,4,17,4,2,4,11,0,1,0,2652,1
TAMIL NADU,COIMBATORE,Chinnampalayam (CT),2475,8695,10,1,0,0,0,0,1,0,2,0,0,0,0,3137,1
TAMIL NADU,COIMBATORE,Makkinampatti (CT),2280,8134,13.75,1,0,0,0,0,3,0,3,3,0,2,0,2966,3
TAMIL NADU,COIMBATORE,Valparai (M),19017,70859,29.7,1,4,75,30,115,12,3,70,35,1,0,0,23652,5
TAMIL NADU,TIRUPPUR,Muthur (TP),3948,13212,36.63,14,1,30,7,19,6,2,12,8,0,2,1,4114,5
TAMIL NADU,TIRUPPUR,Kangeyam (TP),9449,32147,60,10,6,54,13,33,26,3,13,7,0,0,3,12936,12
TAMIL NADU,TIRUPPUR,Vellakoil (M),12157,40359,174.5,1,9,30,10,31,16,2,27,14,0,0,3,16568,10
TAMIL NADU,TIRUPPUR,Rudravathi (TP),2147,6807,40.215,21,1,24,4,15,3,2,12,1,0,0,0,1436,4
TAMIL NADU,TIRUPPUR,Kannivadi (TP),1352,4385,46.66,9,1,7,7,44,2,2,9,1,0,0,0,1434,2
TAMIL NADU,TIRUPPUR,Mulanur (TP),4617,15223,60.335,24,1,30,8,22,7,2,19,0,0,0,0,6689,8
TAMIL NADU,TIRUPPUR,Kolathupalayam (TP),5457,17819,60.965,28,2,15,7,19,4,2,22,8,0,1,0,4557,2
TAMIL NADU,TIRUPPUR,Dharapuram (M),15842,56007,72.25,1,5,449,39,111,27,3,13,41,0,2,3,19982,13
TAMIL NADU,TIRUPPUR,Chinnakkampalayam (TP),3445,11546,19.74,19,1,15,7,19,2,2,13,0,0,0,2,3250,3
TAMIL NADU,TIRUPPUR,Kunnathur (TP),2588,8774,16.603,1,1,30,6,23,9,2,7,11,0,0,1,3477,5
TAMIL NADU,TIRUPPUR,Avanashi (TP),7443,28868,34.634,1,6,42,12,38,18,3,10,6,0,0,3,9292,13
TAMIL NADU,TIRUPPUR,Thirumuruganpoondi (TP),8789,31528,40,2,2,31,16,38,15,0,9,9,0,0,3,14004,5
TAMIL NADU,TIRUPPUR,Uthukuli (TP),3000,10130,26.79,1,1,30,7,20,4,2,12,5,0,0,1,3925,4
TAMIL NADU,TIRUPPUR,Vellaravalli (CT),1546,5070,6,2,0,0,0,0,2,0,4,0,0,0,0,958,1
TAMIL NADU,TIRUPPUR,Perumanallur (CT),2085,7356,19.5,2,4,24,8,26,5,3,8,8,0,0,0,2097,3
TAMIL NADU,TIRUPPUR,Palangarai (CT),4781,17248,36,1,0,0,0,0,1,0,10,5,0,2,0,4702,2
TAMIL NADU,TIRUPPUR,Sembianallur (CT),2122,7586,15,2,1,15,5,17,3,2,3,5,0,0,0,2572,2
TAMIL NADU,TIRUPPUR,Velayudampalayam (CT),2607,9192,21,7,1,15,5,19,3,2,9,3,0,0,0,2948,2
TAMIL NADU,TIRUPPUR,Chengappalli (CT),1973,6587,22,8,1,15,5,17,3,2,10,4,0,0,0,1459,3
TAMIL NADU,TIRUPPUR,Morattupalayam (CT),1681,5798,18,4,1,15,5,17,2,2,7,0,0,0,0,1860,2
TAMIL NADU,TIRUPPUR,Sircar Periapalayam (CT),1704,5986,7,3,1,15,5,17,3,2,10,8,0,0,0,2165,1
TAMIL NADU,TIRUPPUR,Velampalayam (M),24381,87427,95.4,1,10,20,11,30,15,3,21,24,0,0,4,29019,6
TAMIL NADU,TIRUPPUR,S.Nallur (M),19499,70115,98,1,3,82,7,16,9,2,13,24,1,1,2,12970,6
TAMIL NADU,TIRUPPUR,Tiruppur (M.Corp),124617,444352,445,1,56,480,43,375,550,5,89,152,2,5,28,100262,47
TAMIL NADU,TIRUPPUR,Kanakkampalayam (CT),3386,12160,11,2,0,0,0,0,2,0,7,4,0,0,0,2423,3
TAMIL NADU,TIRUPPUR,Neripperichal (CT),14873,53579,10,1,1,0,0,0,10,0,16,4,0,0,0,10823,5
TAMIL NADU,TIRUPPUR,Chettipalayam (CT),10439,37620,25,1,1,0,0,0,7,0,8,16,0,0,0,12823,5
TAMIL NADU,TIRUPPUR,Thottipalayam (CT),11354,40503,72,1,1,50,4,8,15,2,41,20,0,0,7,12574,16
TAMIL NADU,TIRUPPUR,Mannarai (CT),4796,17261,10,1,0,0,0,0,10,0,5,4,0,0,1,5555,3
TAMIL NADU,TIRUPPUR,Mangalam (CT),4782,17699,10,3,2,64,8,25,5,3,9,4,0,0,1,4276,3
TAMIL NADU,TIRUPPUR,Andipalayam (CT),7010,25539,12,2,5,15,6,15,10,2,5,7,0,2,0,6091,4
TAMIL NADU,TIRUPPUR,Iduvai (CT),2183,8006,7,1,0,0,0,0,1,0,9,6,0,0,0,2234,3
TAMIL NADU,TIRUPPUR,Muruganpalayam (CT),7475,26349,17,1,1,60,7,19,4,2,7,3,0,0,2,4345,3
TAMIL NADU,TIRUPPUR,Muthanampalayam (CT),7246,26014,83,60,0,0,0,0,6,0,12,14,0,0,0,5710,4
TAMIL NADU,TIRUPPUR,Veerapandi (CT),13957,50301,6,1,2,15,8,21,23,2,13,7,0,0,1,7644,9
TAMIL NADU,TIRUPPUR,Samalapuram (TP),5938,20691,33,28,1,12,8,26,2,2,10,9,0,0,0,5265,3
TAMIL NADU,TIRUPPUR,Palladam (M),12054,42225,73.87,1,4,115,21,48,22,3,20,17,0,1,3,11502,14
TAMIL NADU,TIRUPPUR,Karaipudur (CT),8157,28602,26,3,0,0,0,0,4,0,12,8,0,1,1,7629,3
TAMIL NADU,TIRUPPUR,Manickapuram (CT),1739,6215,20.49,2,0,0,0,0,1,0,5,0,0,0,0,1021,1
TAMIL NADU,TIRUPPUR,Semmipalayam (CT),2380,8429,18,3,1,18,5,16,4,2,6,6,0,0,0,2282,2
TAMIL NADU,TIRUPPUR,Udumalaipettai  (M),17132,61133,90.32,1,6,192,23,138,66,3,31,29,1,0,4,21500,14
TAMIL NADU,TIRUPPUR,Dhali (TP),1768,5874,10,8,0,0,0,0,1,0,4,0,0,0,0,1404,5
TAMIL NADU,TIRUPPUR,Periakottai (CT),4699,17356,33,10,0,0,0,0,4,0,5,4,0,0,0,5252,1
TAMIL NADU,TIRUPPUR,Kanakkampalayam (CT),4699,16459,3,2,0,0,0,0,2,0,4,1,0,1,0,5717,1
TAMIL NADU,TIRUPPUR,Poolankinar (CT),1314,4849,5,3,1,10,5,17,4,2,2,1,0,0,0,1652,3
TAMIL NADU,TIRUPPUR,Kaniyur (TP),1802,6180,6,1,1,15,6,19,3,2,6,4,0,0,0,1863,4
TAMIL NADU,TIRUPPUR,Madathukulam (TP),5761,20620,25,1,6,21,10,30,7,3,19,8,0,0,5,5021,6
TAMIL NADU,TIRUPPUR,Komaralingam (TP),3854,13642,17.85,12,1,31,7,19,5,2,8,0,0,0,0,2030,4
TAMIL NADU,TIRUPPUR,Sankaramanallur (TP),2995,10283,27.5,1,1,15,7,19,4,2,12,1,0,0,1,3339,4
